AnomalyId,EntityType,DealId,Deal,RepName,DealValue,AnomalyCategory,AnomalyType,Evidence,RecommendedAction,Severity,DemoPriority
ANM-00358,Industry,Transportation & Logistics,Transportation & Logistics,,2141392.0,Concentration & Cross-Sell,industry_concentration_risk,Transportation & Logistics represents 22% of all North America GP,Diversification review -- assess exposure to this vertical's budget cycles.,100,False
ANM-00361,Account,0015LV2PPL0VSADA44,Cobalt Holdings Co.,,1389338.0,Concentration & Cross-Sell,account_concentration_risk,Cobalt Holdings Co. represents 15% of all GP,Account-risk/retention review -- classic whale-risk exposure.,100,False
ANM-00355,Rep,Brian Thompson,Brian Thompson,Brian Thompson,145325.0,Rep Behavior,rep_concentration_risk,Holds 18% of North America's total open pipeline GP,Succession/coverage planning -- key-person risk if this rep is unavailable.,98,False
ANM-00357,Rep,Rebecca Robinson,Rebecca Robinson,Rebecca Robinson,109493.0,Rep Behavior,new_business_mix_risk,Only 20% of 15 owned opportunities are New Business,Check pipeline-generation activity -- over-reliant on renewals for this rep.,97,False
ANM-00347,Rep,Paul Martinez,Paul Martinez,Paul Martinez,89989.0,Rep Behavior,rep_value_shrink_rate,6 of 30 owned opportunities shrank well beyond peer norms,Review this rep's opportunity-qualification/sizing process.,97,True
ANM-00351,Rep,Larry Wright,Larry Wright,Larry Wright,35907.0,Rep Behavior,rep_sandbagging_rate,1 of 10 owned opportunities grew well beyond peer norms,Coach on early sizing accuracy -- likely under-forecasting deal potential.,95,False
ANM-00220,Rep,Angela Campbell,Angela Campbell,Angela Campbell,37174.0,Pipeline Coverage,win_rate_outlier,"12 closed deals, 8% won",Apply a higher pipeline-coverage bar for this rep until win rate recovers.,95,False
ANM-00360,Account,0014ZK03LE6FVIE1FY,Brightpath Solutions Inc.,,934557.0,Concentration & Cross-Sell,account_concentration_risk,Brightpath Solutions Inc. represents 10% of all GP,Account-risk/retention review -- classic whale-risk exposure.,94,False
ANM-00286,Opportunity,006LEFBBTT2WGXPGXX,Cascade Consumer Goods Corp. - Network Refresh,Mark Martinez,171450.0,Value Integrity,deal_size_outlier,"Networking / SDIS line, peer IQR fence exceeded",Confirm the entered amount before it feeds quarterly pipeline roll-ups.,94,False
ANM-00343,Rep,Kathleen Green,Kathleen Green,Kathleen Green,22120.0,Rep Behavior,rep_forecast_reliability,1 of 11 owned opportunities show a forecast regression,Discount this rep's Commit/Best Case calls; review forecasting habits 1:1.,93,False
ANM-00420,Account,001DLB9ZIO08UJZYXB,Crestwood Technologies LLC,,182516.0,Concentration & Cross-Sell,portfolio_mix_imbalance,Large account with Services revenue well below the NA-wide target mix,Cross-sell candidate for Technical Services/SDIS/Consulting attach.,92,False
ANM-00375,Account,001DLB9ZIO08UJZYXB,Crestwood Technologies LLC,,182516.0,Concentration & Cross-Sell,whitespace_single_lob_account,Currently only Networking. Peers of similar size commonly also have: Digital Workplace,Cross-sell opportunity -- consider pitching Digital Workplace based on peer attach patterns.,91,True
ANM-00396,Account,001S5I005KHTTO22I2,Cobalt Enterprises Inc.,,139313.0,Concentration & Cross-Sell,whitespace_single_lob_account,Currently only Networking. Peers of similar size commonly also have: Digital Workplace,Cross-sell opportunity -- consider pitching Digital Workplace based on peer attach patterns.,91,True
ANM-00342,Rep,Jose McDermott,Jose McDermott,Jose McDermott,106015.0,Rep Behavior,rep_forecast_reliability,2 of 28 owned opportunities show a forecast regression,Discount this rep's Commit/Best Case calls; review forecasting habits 1:1.,90,False
ANM-00390,Account,001NTEZQ5KBL9LZ4KX,Summit Utilities Corp.,,124062.0,Concentration & Cross-Sell,whitespace_single_lob_account,Currently only Networking. Peers of similar size commonly also have: Digital Workplace,Cross-sell opportunity -- consider pitching Digital Workplace based on peer attach patterns.,90,True
ANM-00350,Rep,Justin Ragsdale,Justin Ragsdale,Justin Ragsdale,109816.0,Rep Behavior,rep_sandbagging_rate,2 of 32 owned opportunities grew well beyond peer norms,Coach on early sizing accuracy -- likely under-forecasting deal potential.,89,False
ANM-00365,Account,001NAYZ1JL73BY3UXA,"Jefferson, Public Health Department",,557274.0,Concentration & Cross-Sell,account_concentration_risk,"Jefferson, Public Health Department represents 6% of all GP",Account-risk/retention review -- classic whale-risk exposure.,89,False
ANM-00373,Account,001BHN0C3LE5DE8SQY,"Franklin, Metropolitan Water District",,64220.0,Concentration & Cross-Sell,whitespace_single_lob_account,Currently only Networking. Peers of similar size commonly also have: Digital Workplace,Cross-sell opportunity -- consider pitching Digital Workplace based on peer attach patterns.,89,True
ANM-00380,Account,001HENVC1Q2QFAUT35,Kingsley Media Group Inc.,,70851.0,Concentration & Cross-Sell,whitespace_single_lob_account,Currently only Networking. Peers of similar size commonly also have: Digital Workplace,Cross-sell opportunity -- consider pitching Digital Workplace based on peer attach patterns.,89,True
ANM-00441,Account,001YJNZVXAQRWFF1Y3,Alpine Media Group LLC,,36889.0,Concentration & Cross-Sell,portfolio_mix_imbalance,Large account with Services revenue well below the NA-wide target mix,Cross-sell candidate for Technical Services/SDIS/Consulting attach.,89,False
ANM-00412,Account,0014M070JYKRWKA40E,"Douglas, County Of",,33466.0,Concentration & Cross-Sell,portfolio_mix_imbalance,Large account with Services revenue well below the NA-wide target mix,Cross-sell candidate for Technical Services/SDIS/Consulting attach.,89,False
ANM-00406,Account,001YJNZVXAQRWFF1Y3,Alpine Media Group LLC,,36889.0,Concentration & Cross-Sell,whitespace_single_lob_account,Currently only Networking. Peers of similar size commonly also have: Digital Workplace,Cross-sell opportunity -- consider pitching Digital Workplace based on peer attach patterns.,88,True
ANM-00431,Account,001RVMFG3LL7F67VFF,Crestwood Systems Inc.,,26577.0,Concentration & Cross-Sell,portfolio_mix_imbalance,Large account with Services revenue well below the NA-wide target mix,Cross-sell candidate for Technical Services/SDIS/Consulting attach.,88,False
ANM-00073,Opportunity,0060343DP05N0UH6QV,Redstone Transport Co Ltd. - Security Assessment,Frank Green,27704.0,Pipeline Coverage,stalled_pipeline,"No field changes logged since 2026-02-22, still open",Rep should confirm deal status this week or reassign/close it out.,88,True
ANM-00280,Opportunity,006XVITCQS3NABT363,Jefferson - Digital Workplace Upgrade,Amanda Sanchez,539057.0,Value Integrity,deal_size_outlier,"Data Center / Product line, peer IQR fence exceeded",Confirm the entered amount before it feeds quarterly pipeline roll-ups.,88,False
ANM-00291,Opportunity,006J8392EGRM7417CZ,Cobalt Holdings Co. - Digital Workplace Upgrade,Timothy Green,11676.0,Value Integrity,deal_size_outlier,"Networking / VBR line, peer IQR fence exceeded",Confirm the entered amount before it feeds quarterly pipeline roll-ups.,87,False
ANM-00399,Account,001UDUFU7T1L7370XS,Fieldstone Technologies Co.,,26012.0,Concentration & Cross-Sell,whitespace_single_lob_account,Currently only Networking. Peers of similar size commonly also have: Digital Workplace,Cross-sell opportunity -- consider pitching Digital Workplace based on peer attach patterns.,87,True
ANM-00068,Opportunity,006RQFB3TTVO6QSTFG,Alpine Technologies Corp. - Firewall Upgrade,Gary Stewart,24219.0,Sequence Integrity,forecast_regression,Commit on 2026-04-30 -> Omitted on 2026-05-04,Treat this rep's current forecast for this deal with reduced confidence; ask for a re-qualification.,87,False
ANM-00395,Account,001RVMFG3LL7F67VFF,Crestwood Systems Inc.,,26577.0,Concentration & Cross-Sell,whitespace_single_lob_account,Currently only Networking. Peers of similar size commonly also have: Digital Workplace,Cross-sell opportunity -- consider pitching Digital Workplace based on peer attach patterns.,87,True
ANM-00211,Opportunity,006ZMLH23JN382T90Y,Beacon Solutions Group - Data Center Migration,Nancy Lewis,10103.0,Pipeline Coverage,sales_cycle_outlier,"Product deal, still open at 257 days vs. ~90-day target",Review why this deal has taken materially longer than typical for its Portfolio.,87,False
ANM-00437,Account,001WBV9AQR6KRZC23Z,"Middlesex, Regional Transit Authority",,16615.0,Concentration & Cross-Sell,portfolio_mix_imbalance,Large account with Services revenue well below the NA-wide target mix,Cross-sell candidate for Technical Services/SDIS/Consulting attach.,86,False
ANM-00425,Account,001LMSRJYTCRO2L8WE,Kingsley Retail Group Co.,,17606.0,Concentration & Cross-Sell,portfolio_mix_imbalance,Large account with Services revenue well below the NA-wide target mix,Cross-sell candidate for Technical Services/SDIS/Consulting attach.,86,False
ANM-00409,Account,00133I6PRU1ET3TJCT,Novara Technologies Group,,271008.0,Concentration & Cross-Sell,portfolio_mix_imbalance,Large account with Services revenue well below the NA-wide target mix,Cross-sell candidate for Technical Services/SDIS/Consulting attach.,86,False
ANM-00301,Opportunity,006VG4NX4EK7MXU5SP,Oakridge Consumer Goods Corp. - Managed Services Renewal,Karen Garcia,29483.0,Value Integrity,margin_outlier,"Product line, peer IQR fence exceeded",Review pricing/discount or confirm cost basis was captured correctly.,86,False
ANM-00368,Account,0010O1LJQ8UNQKXMTN,Granite Holdings Co.,,25214.0,Concentration & Cross-Sell,whitespace_single_lob_account,Currently only Networking. Peers of similar size commonly also have: Digital Workplace,Cross-sell opportunity -- consider pitching Digital Workplace based on peer attach patterns.,86,True
ANM-00388,Account,001NBC4F26R5P8IPO2,Alpine Media Group Co.,,17920.0,Concentration & Cross-Sell,whitespace_single_lob_account,Currently only Networking. Peers of similar size commonly also have: Digital Workplace,Cross-sell opportunity -- consider pitching Digital Workplace based on peer attach patterns.,85,True
ANM-00168,Opportunity,006Y5LRV38ZPOXCPM7,Sonoma - Unified Communications,Cynthia Young,8909.0,Pipeline Coverage,stalled_pipeline,"No field changes logged since 2026-01-21, still open",Rep should confirm deal status this week or reassign/close it out.,85,True
ANM-00415,Account,001AFV90WLPBNW673A,Pinehurst Utilities Group,,16011.0,Concentration & Cross-Sell,portfolio_mix_imbalance,Large account with Services revenue well below the NA-wide target mix,Cross-sell candidate for Technical Services/SDIS/Consulting attach.,85,False
ANM-00414,Account,0016X1HMKC8IQMB6HD,Ironclad Technologies Inc.,,14915.0,Concentration & Cross-Sell,portfolio_mix_imbalance,Large account with Services revenue well below the NA-wide target mix,Cross-sell candidate for Technical Services/SDIS/Consulting attach.,85,False
ANM-00434,Account,001U0CFU9LPLPAVVLJ,Riverbend Consumer Goods LLC,,15457.0,Concentration & Cross-Sell,portfolio_mix_imbalance,Large account with Services revenue well below the NA-wide target mix,Cross-sell candidate for Technical Services/SDIS/Consulting attach.,85,False
ANM-00398,Account,001U0CFU9LPLPAVVLJ,Riverbend Consumer Goods LLC,,15457.0,Concentration & Cross-Sell,whitespace_single_lob_account,Currently only Networking. Peers of similar size commonly also have: Digital Workplace,Cross-sell opportunity -- consider pitching Digital Workplace based on peer attach patterns.,84,True
ANM-00438,Account,001WP7LFP9RNYXK8VC,Granite Technologies Ltd.,,12858.0,Concentration & Cross-Sell,portfolio_mix_imbalance,Large account with Services revenue well below the NA-wide target mix,Cross-sell candidate for Technical Services/SDIS/Consulting attach.,84,False
ANM-00345,Rep,Michelle McDermott,Michelle McDermott,Michelle McDermott,198821.0,Rep Behavior,rep_forecast_reliability,2 of 31 owned opportunities show a forecast regression,Discount this rep's Commit/Best Case calls; review forecasting habits 1:1.,84,False
ANM-00322,Opportunity,006BSHI1FBR0SF1NZH,Orange - Digital Workplace Upgrade,Christine Phillips,12185.0,Value Integrity,margin_outlier,"Technical Services line, peer IQR fence exceeded",Review pricing/discount or confirm cost basis was captured correctly.,83,False
ANM-00363,Account,001HPQYBK467LEHE85,Ironclad Data Systems Co.,,442413.0,Concentration & Cross-Sell,account_concentration_risk,Ironclad Data Systems Co. represents 5% of all GP,Account-risk/retention review -- classic whale-risk exposure.,83,False
ANM-00402,Account,001WP7LFP9RNYXK8VC,Granite Technologies Ltd.,,12858.0,Concentration & Cross-Sell,whitespace_single_lob_account,Currently only Networking. Peers of similar size commonly also have: Digital Workplace,Cross-sell opportunity -- consider pitching Digital Workplace based on peer attach patterns.,83,True
ANM-00115,Opportunity,006EBFLAWE2UDOF9V3,Sonoma - SD-WAN Rollout,Cynthia Young,13321.0,Pipeline Coverage,stalled_pipeline,"No field changes logged since 2026-02-24, still open",Rep should confirm deal status this week or reassign/close it out.,83,True
ANM-00080,Opportunity,0062SP5LP7FSUZ7MEO,Wexford Media Group Group - Firewall Upgrade,Cynthia Young,6306.0,Pipeline Coverage,stalled_pipeline,"No field changes logged since 2026-01-08, still open",Rep should confirm deal status this week or reassign/close it out.,83,True
ANM-00348,Rep,Rebecca Scott,Rebecca Scott,Rebecca Scott,176512.0,Rep Behavior,rep_value_shrink_rate,3 of 19 owned opportunities shrank well beyond peer norms,Review this rep's opportunity-qualification/sizing process.,82,True
ANM-00422,Account,001HENVC1Q2QFAUT35,Kingsley Media Group Inc.,,70851.0,Concentration & Cross-Sell,portfolio_mix_imbalance,Large account with Services revenue well below the NA-wide target mix,Cross-sell candidate for Technical Services/SDIS/Consulting attach.,82,False
ANM-00303,Opportunity,00682X0GEN1KG2WTO2,Novara Enterprises Inc. - Cisco IE3300,Larry Edwards,28786.0,Value Integrity,margin_outlier,"Technical Services line, peer IQR fence exceeded",Review pricing/discount or confirm cost basis was captured correctly.,81,False
ANM-00320,Opportunity,00612RMTJTX8NEM3QO,Cobalt Holdings Co. - Security Assessment,David Stewart,8822.0,Value Integrity,margin_outlier,"Product line, peer IQR fence exceeded",Review pricing/discount or confirm cost basis was captured correctly.,81,False
ANM-00152,Opportunity,006RB86NES2QAQS73Z,Ironclad Logistics Corp. - SD-WAN Rollout,Frank Green,12063.0,Pipeline Coverage,stalled_pipeline,"No field changes logged since 2026-03-08, still open",Rep should confirm deal status this week or reassign/close it out.,80,True
ANM-00283,Opportunity,006KRDNMKMBQHI05GU,Novara Technologies Group - Digital Workplace Upgrade,Linda Green,237181.0,Value Integrity,deal_size_outlier,"Networking / Product line, peer IQR fence exceeded",Confirm the entered amount before it feeds quarterly pipeline roll-ups.,80,False
ANM-00075,Opportunity,0060RP39X4F6GG4RIA,Millbrook Utilities Corp. - SD-WAN Rollout,Linda Evans,4094.0,Pipeline Coverage,stalled_pipeline,"No field changes logged since 2026-01-03, still open",Rep should confirm deal status this week or reassign/close it out.,80,True
ANM-00257,Opportunity,006G3L1LOYM3BACJBN,Cobalt Holdings Co. - Network Refresh,Brian Thompson,4439.0,Value Integrity,value_inflation,"Logged initially at 22,884, now 38,128",Verify the scope increase is real (upsell) rather than an initial sizing error.,80,False
ANM-00051,Opportunity,0062O9ASL9Y1K642R7,Millbrook Utilities Corp. - Endpoint Protection,Linda Evans,6970.0,Sequence Integrity,forecast_regression,Closed on 2026-08-30 -> Pipeline on 2026-08-31,Treat this rep's current forecast for this deal with reduced confidence; ask for a re-qualification.,79,False
ANM-00224,Opportunity,0066068DOBBRX5EBD7,Sonoma - Unified Communications,Cynthia Young,4763.0,Value Integrity,value_shrinkage,"Logged as high as 130,308, settled at 26,621",Review this rep's qualification accuracy for this Portfolio.,79,True
ANM-00306,Opportunity,006BZVPWDHEQ6AQK7W,Ironclad Data Systems Co. - Managed Services Renewal,Timothy Green,5572.0,Value Integrity,margin_outlier,"SDIS line, peer IQR fence exceeded",Review pricing/discount or confirm cost basis was captured correctly.,79,False
ANM-00176,Opportunity,0060RP39X4F6GG4RIA,Millbrook Utilities Corp. - SD-WAN Rollout,Linda Evans,4094.0,Pipeline Coverage,sales_cycle_outlier,"Product deal, still open at 257 days vs. ~90-day target",Review why this deal has taken materially longer than typical for its Portfolio.,79,False
ANM-00042,Opportunity,006VOMJ2QQZT8IBPT3,Halifax - Unified Communications,Cynthia Clark,5194.0,Sequence Integrity,stage_skip,Identification to Deal Won,"Confirm the deal was actually qualified through the skipped stages; if not, review with the rep.",78,False
ANM-00410,Account,001379FFZOP57629Z5,Cobalt Data Systems Ltd.,,22920.0,Concentration & Cross-Sell,portfolio_mix_imbalance,Large account with Services revenue well below the NA-wide target mix,Cross-sell candidate for Technical Services/SDIS/Consulting attach.,77,False
ANM-00413,Account,0016PY5TCHH66R6IYO,Alpine Industries LLC,,27419.0,Concentration & Cross-Sell,portfolio_mix_imbalance,Large account with Services revenue well below the NA-wide target mix,Cross-sell candidate for Technical Services/SDIS/Consulting attach.,77,False
ANM-00232,Opportunity,006ICRCEQ39WJLWGS1,Cobalt Data Systems Ltd. - Backup & DR,Linda Young,6250.0,Value Integrity,value_shrinkage,"Logged as high as 168,408, settled at 34,847",Review this rep's qualification accuracy for this Portfolio.,77,True
ANM-00367,Account,001V8SQDYB439KFK2H,Stonebridge Data Systems Inc.,,410500.0,Concentration & Cross-Sell,account_concentration_risk,Stonebridge Data Systems Inc. represents 4% of all GP,Account-risk/retention review -- classic whale-risk exposure.,77,False
ANM-00352,Rep,Maria Martinez,Maria Martinez,Maria Martinez,74411.0,Rep Behavior,rep_sandbagging_rate,1 of 18 owned opportunities grew well beyond peer norms,Coach on early sizing accuracy -- likely under-forecasting deal potential.,76,False
ANM-00349,Rep,Amanda Morris,Amanda Morris,Amanda Morris,106126.0,Rep Behavior,rep_sandbagging_rate,1 of 18 owned opportunities grew well beyond peer norms,Coach on early sizing accuracy -- likely under-forecasting deal potential.,76,False
ANM-00180,Opportunity,0062SP5LP7FSUZ7MEO,Wexford Media Group Group - Firewall Upgrade,Cynthia Young,6306.0,Pipeline Coverage,sales_cycle_outlier,"Product deal, still open at 252 days vs. ~90-day target",Review why this deal has taken materially longer than typical for its Portfolio.,76,False
ANM-00340,Rep,Christine Phillips,Christine Phillips,Christine Phillips,99106.0,Rep Behavior,rep_forecast_reliability,1 of 16 owned opportunities show a forecast regression,Discount this rep's Commit/Best Case calls; review forecasting habits 1:1.,76,False
ANM-00427,Account,001NAYZ1JL73BY3UXA,"Jefferson, Public Health Department",,557274.0,Concentration & Cross-Sell,portfolio_mix_imbalance,Large account with Services revenue well below the NA-wide target mix,Cross-sell candidate for Technical Services/SDIS/Consulting attach.,76,False
ANM-00237,Opportunity,006QE20BZRYJGUBHBM,Highfield Networks Ltd. - Colocation Expansion,Paul Martinez,10995.0,Value Integrity,value_shrinkage,"Logged as high as 304,703, settled at 63,182",Review this rep's qualification accuracy for this Portfolio.,75,True
ANM-00295,Opportunity,0062QBIMQJU8ZLY8II,Ashford Financial Group Ltd. - Network Refresh,Karen Phillips,9248.0,Value Integrity,margin_outlier,"Product line, peer IQR fence exceeded",Review pricing/discount or confirm cost basis was captured correctly.,75,False
ANM-00247,Opportunity,006637A3SZ7SY9E0ZG,Cobalt Holdings Co. - Network Refresh,Brian Thompson,4544.0,Value Integrity,value_inflation,"Logged initially at 27,003, now 44,924",Verify the scope increase is real (upsell) rather than an initial sizing error.,74,False
ANM-00248,Opportunity,0066O507XVIKLLV5BW,Ashford Transport Co LLC - Colocation Expansion,Justin Ragsdale,3635.0,Value Integrity,value_inflation,"Logged initially at 11,559, now 19,245",Verify the scope increase is real (upsell) rather than an initial sizing error.,74,False
ANM-00421,Account,001EVKHSOWL3C5B0MN,Brightpath Manufacturing LLC,,18269.0,Concentration & Cross-Sell,portfolio_mix_imbalance,Large account with Services revenue well below the NA-wide target mix,Cross-sell candidate for Technical Services/SDIS/Consulting attach.,74,False
ANM-00106,Opportunity,006BCDGT3B26CQ3ZGF,Cobalt Holdings Co. - Access Control Modernization,Brian Thompson,4169.0,Pipeline Coverage,stalled_pipeline,"No field changes logged since 2026-02-22, still open",Rep should confirm deal status this week or reassign/close it out.,74,True
ANM-00148,Opportunity,006P5HA0CK36ER2OMT,Cascade Holdings Group - Colocation Expansion,Timothy Carter,3943.0,Pipeline Coverage,stalled_pipeline,"No field changes logged since 2026-02-18, still open",Rep should confirm deal status this week or reassign/close it out.,74,True
ANM-00304,Opportunity,0063J60QF07GAIKN98,Cobalt Holdings Co. - Endpoint Protection,Paul Wright,20937.0,Value Integrity,margin_outlier,"Product line, peer IQR fence exceeded",Review pricing/discount or confirm cost basis was captured correctly.,74,False
ANM-00096,Opportunity,0067W9UYT7EOYR8UEW,Cobalt Holdings Co. - Data Center Migration,Brian Thompson,3220.0,Pipeline Coverage,stalled_pipeline,"No field changes logged since 2026-02-04, still open",Rep should confirm deal status this week or reassign/close it out.,73,True
ANM-00143,Opportunity,006OBY452IQZ0WB0UD,Westfall Financial Group Co. - Access Control Modernization,Sharon Scott,4318.0,Pipeline Coverage,stalled_pipeline,"No field changes logged since 2026-02-24, still open",Rep should confirm deal status this week or reassign/close it out.,73,True
ANM-00457,Opportunity,0068VOE7VCT87HO92U,Cascade Insurance Group LLC - Data Center Migration,Cynthia Turner,3788.0,Multivariate ML,ml_multivariate_outlier,"Stage=Proposal Evaluation, GP=3,788, 2 stage changes, 203 days quiet","Review manually -- flagged by combination of signals, not a single rule.",73,False
ANM-00103,Opportunity,006AX2920CVZO9945U,Clearwater Financial Group Co. - Backup & DR,Frank Scott,4988.0,Pipeline Coverage,stalled_pipeline,"No field changes logged since 2026-03-02, still open",Rep should confirm deal status this week or reassign/close it out.,73,True
ANM-00317,Opportunity,00612UERHED1FG53S1,Brightpath Solutions Inc. - Wireless Expansion,Karen Phillips,2603.0,Value Integrity,margin_outlier,"Product line, peer IQR fence exceeded",Review pricing/discount or confirm cost basis was captured correctly.,73,False
ANM-00147,Opportunity,006OK5XM5HUY6EK4R1,Riverbend Retail Group Group - Data Center Migration,Amanda Turner,3513.0,Pipeline Coverage,stalled_pipeline,"No field changes logged since 2026-02-11, still open",Rep should confirm deal status this week or reassign/close it out.,73,True
ANM-00221,Rep,Frank Scott,Frank Scott,Frank Scott,88390.0,Pipeline Coverage,win_rate_outlier,"19 closed deals, 11% won",Apply a higher pipeline-coverage bar for this rep until win rate recovers.,72,False
ANM-00250,Opportunity,00681Q39621X6PS4J1,Monroe - Network Refresh,Maria Martinez,4475.0,Value Integrity,value_inflation,"Logged initially at 17,593, now 29,269",Verify the scope increase is real (upsell) rather than an initial sizing error.,72,False
ANM-00255,Opportunity,006DT65ZFDFWZ2DJMW,Monroe - Cisco IE3300,Deborah Hall,5490.0,Value Integrity,value_inflation,"Logged initially at 32,677, now 54,281",Verify the scope increase is real (upsell) rather than an initial sizing error.,72,False
ANM-00364,Account,001LA0TQ6LU0VHY0EF,"Monroe, Metropolitan Water District",,277680.0,Concentration & Cross-Sell,account_concentration_risk,"Monroe, Metropolitan Water District represents 3% of all GP",Account-risk/retention review -- classic whale-risk exposure.,72,False
ANM-00233,Opportunity,006IRQADIB39RXCBV1,Silverline Holdings Corp. - Security Assessment,Melissa Edwards,9916.0,Value Integrity,value_shrinkage,"Logged as high as 355,606, settled at 73,834",Review this rep's qualification accuracy for this Portfolio.,72,True
ANM-00069,Opportunity,006TF3J7F5OV5EM8FD,Cobalt Holdings Co. - Cloud Connectivity,Brian Thompson,3674.0,Sequence Integrity,forecast_regression,Commit on 2026-07-15 -> Omitted on 2026-07-27,Treat this rep's current forecast for this deal with reduced confidence; ask for a re-qualification.,72,False
ANM-00055,Opportunity,006D1POJ1RR1NXGUPS,Stonebridge Data Systems Inc. - Digital Workplace Upgrade,Scott Carter,10181.0,Sequence Integrity,forecast_regression,Best Case on 2026-07-31 -> Omitted on 2026-09-04,Treat this rep's current forecast for this deal with reduced confidence; ask for a re-qualification.,72,False
ANM-00296,Opportunity,006MMI6NZ0CI65OFK8,Brightpath Solutions Inc. - Endpoint Protection,Karen Phillips,10940.0,Value Integrity,margin_outlier,"Product line, peer IQR fence exceeded",Review pricing/discount or confirm cost basis was captured correctly.,72,False
ANM-00356,Rep,Jose McDermott,Jose McDermott,Jose McDermott,106015.0,Rep Behavior,new_business_mix_risk,Only 25% of 28 owned opportunities are New Business,Check pipeline-generation activity -- over-reliant on renewals for this rep.,72,False
ANM-00097,Opportunity,0068VOE7VCT87HO92U,Cascade Insurance Group LLC - Data Center Migration,Cynthia Turner,3788.0,Pipeline Coverage,stalled_pipeline,"No field changes logged since 2026-02-24, still open",Rep should confirm deal status this week or reassign/close it out.,71,True
ANM-00407,Account,0010O1LJQ8UNQKXMTN,Granite Holdings Co.,,25214.0,Concentration & Cross-Sell,portfolio_mix_imbalance,Large account with Services revenue well below the NA-wide target mix,Cross-sell candidate for Technical Services/SDIS/Consulting attach.,71,False
ANM-00436,Account,001V9M7BS2T7LB1C10,"Washington, County Of",,15668.0,Concentration & Cross-Sell,portfolio_mix_imbalance,Large account with Services revenue well below the NA-wide target mix,Cross-sell candidate for Technical Services/SDIS/Consulting attach.,71,False
ANM-00172,Opportunity,006YMGGHDQ1QEZG5NA,Cobalt Holdings Co. - Data Center Migration,Brian Thompson,5357.0,Pipeline Coverage,stalled_pipeline,"No field changes logged since 2026-03-16, still open",Rep should confirm deal status this week or reassign/close it out.,71,True
ANM-00428,Account,001NBC4F26R5P8IPO2,Alpine Media Group Co.,,17920.0,Concentration & Cross-Sell,portfolio_mix_imbalance,Large account with Services revenue well below the NA-wide target mix,Cross-sell candidate for Technical Services/SDIS/Consulting attach.,71,False
ANM-00271,Opportunity,006KIZE35XCVWNNQ9A,Brightpath Solutions Inc. - Cloud Connectivity,Karen Phillips,229301.0,Value Integrity,deal_size_outlier,"Networking / Product line, peer IQR fence exceeded",Confirm the entered amount before it feeds quarterly pipeline roll-ups.,71,False
ANM-00136,Opportunity,006K6DCGMH3EFEX5FT,Ashford Technologies Corp. - Unified Communications,Rebecca Bell,3439.0,Pipeline Coverage,stalled_pipeline,"No field changes logged since 2026-02-22, still open",Rep should confirm deal status this week or reassign/close it out.,71,True
ANM-00236,Opportunity,006O5JSXJN3UWW28OM,Brightpath Solutions Inc. - Digital Workplace Upgrade,Paul Martinez,2276.0,Value Integrity,value_shrinkage,"Logged as high as 113,745, settled at 23,084",Review this rep's qualification accuracy for this Portfolio.,71,True
ANM-00204,Opportunity,006T82F0I84CGP0TDW,Ironclad Telecom Ltd. - Unified Communications,Paul Wright,9576.0,Pipeline Coverage,sales_cycle_outlier,"Product deal, still open at 247 days vs. ~90-day target",Review why this deal has taken materially longer than typical for its Portfolio.,70,False
ANM-00003,Opportunity,0061SNIL1AF2XFBIEJ,Cascade Energy Partners Ltd. - Data Center Migration,Kathleen Clark,9520.0,Sequence Integrity,stage_skip,Qualification to Deal Won,"Confirm the deal was actually qualified through the skipped stages; if not, review with the rep.",70,False
ANM-00261,Opportunity,006LO5M8FFLA5MDW89,Ventura - Cisco IE3300,Paul Martinez,2340.0,Value Integrity,value_inflation,"Logged initially at 8,517, now 14,186",Verify the scope increase is real (upsell) rather than an initial sizing error.,70,False
ANM-00341,Rep,Gary Stewart,Gary Stewart,Gary Stewart,139670.0,Rep Behavior,rep_forecast_reliability,1 of 17 owned opportunities show a forecast regression,Discount this rep's Commit/Best Case calls; review forecasting habits 1:1.,69,False
ANM-00198,Opportunity,006K6DCGMH3EFEX5FT,Ashford Technologies Corp. - Unified Communications,Rebecca Bell,3439.0,Pipeline Coverage,sales_cycle_outlier,"Technical Services deal, still open at 252 days vs. ~90-day target",Review why this deal has taken materially longer than typical for its Portfolio.,69,False
ANM-00435,Account,001V4E2EZDRX0P71HY,Ashford Transport Co LLC,,85543.0,Concentration & Cross-Sell,portfolio_mix_imbalance,Large account with Services revenue well below the NA-wide target mix,Cross-sell candidate for Technical Services/SDIS/Consulting attach.,69,False
ANM-00137,Opportunity,006L5GQ8W3Y0NQBJCL,Everline Technologies Ltd. - Cloud Connectivity,Timothy Turner,1930.0,Pipeline Coverage,stalled_pipeline,"No field changes logged since 2026-01-31, still open",Rep should confirm deal status this week or reassign/close it out.,68,True
ANM-00116,Opportunity,006EIE3TNZD2DUBHWU,Clark - Backup & DR,Melissa Adams,3512.0,Pipeline Coverage,stalled_pipeline,"No field changes logged since 2026-03-04, still open",Rep should confirm deal status this week or reassign/close it out.,68,True
ANM-00032,Opportunity,006O8K7SA3BWQFSNDT,Harborview Telecom Group - SD-WAN Rollout,Mark Lewis,4456.0,Sequence Integrity,stage_skip,Identification to Proposal -> Proposal to Deal Won,"Confirm the deal was actually qualified through the skipped stages; if not, review with the rep.",68,False
ANM-00443,Account,001ZOQPJE3DLYEX0XK,Clearwater Financial Group Co.,,64407.0,Concentration & Cross-Sell,portfolio_mix_imbalance,Large account with Services revenue well below the NA-wide target mix,Cross-sell candidate for Technical Services/SDIS/Consulting attach.,67,False
ANM-00082,Opportunity,00639PDRPHVO5BZVIM,Fieldstone Transport Co Co. - Backup & DR,Amanda Sanchez,4662.0,Pipeline Coverage,stalled_pipeline,"No field changes logged since 2026-03-21, still open",Rep should confirm deal status this week or reassign/close it out.,67,True
ANM-00194,Opportunity,006GLGJ3J36TTMY35H,Cobalt Holdings Co. - Cloud Connectivity,Brian Thompson,2527.0,Pipeline Coverage,sales_cycle_outlier,"Product deal, still open at 254 days vs. ~90-day target",Review why this deal has taken materially longer than typical for its Portfolio.,67,False
ANM-00002,Opportunity,0060QB7UHTOMQ1F8CF,Beacon Solutions Group - Colocation Expansion,Susan Hill,1975.0,Sequence Integrity,stage_skip,Identification to Deal Won,"Confirm the deal was actually qualified through the skipped stages; if not, review with the rep.",67,False
ANM-00127,Opportunity,006H597HI9WT5GOF2H,Cobalt Media Group Ltd. - Managed Services Renewal,Robert Cook,1342.0,Pipeline Coverage,stalled_pipeline,"No field changes logged since 2026-01-15, still open",Rep should confirm deal status this week or reassign/close it out.,67,True
ANM-00216,Segment,FY26-Q1 / Data Center / SDIS,FY26-Q1 / Data Center / SDIS,,11026.0,Pipeline Coverage,coverage_hole,"Active pipeline GP 0 vs. budget GP 11,026",Regional/segment lead should drive pipeline-generation activity for this LOB/Portfolio this quarter.,67,True
ANM-00203,Opportunity,006SUW69PNZJFKLW0F,Millbrook Telecom Co. - Digital Workplace Upgrade,Kathleen Clark,3562.0,Pipeline Coverage,sales_cycle_outlier,"Product deal, still open at 250 days vs. ~90-day target",Review why this deal has taken materially longer than typical for its Portfolio.,67,False
ANM-00129,Opportunity,006HW5MXZVYIWA022B,Middlesex - Digital Workplace Upgrade,Amanda Collins,6434.0,Pipeline Coverage,stalled_pipeline,"No field changes logged since 2026-04-04, still open",Rep should confirm deal status this week or reassign/close it out.,67,True
ANM-00160,Opportunity,006VGAYWH0GSUEZSP0,Northgate Data Systems LLC - Colocation Expansion,Cynthia Young,1499.0,Pipeline Coverage,stalled_pipeline,"No field changes logged since 2026-02-04, still open",Rep should confirm deal status this week or reassign/close it out.,66,True
ANM-00081,Opportunity,0062UJSCJZ2JJKK9XN,Stonebridge Data Systems Inc. - Managed Services Renewal,Scott Carter,5062.0,Pipeline Coverage,stalled_pipeline,"No field changes logged since 2026-03-28, still open",Rep should confirm deal status this week or reassign/close it out.,66,True
ANM-00359,Account,00133I6PRU1ET3TJCT,Novara Technologies Group,,271008.0,Concentration & Cross-Sell,account_concentration_risk,Novara Technologies Group represents 3% of all GP,Account-risk/retention review -- classic whale-risk exposure.,66,False
ANM-00408,Account,00119E87FBZCVCYIDC,"Kingston, County Of",,16177.0,Concentration & Cross-Sell,portfolio_mix_imbalance,Large account with Services revenue well below the NA-wide target mix,Cross-sell candidate for Technical Services/SDIS/Consulting attach.,66,False
ANM-00411,Account,001437UC4CGKG0PHAH,Cascade Energy Partners Corp.,,21145.0,Concentration & Cross-Sell,portfolio_mix_imbalance,Large account with Services revenue well below the NA-wide target mix,Cross-sell candidate for Technical Services/SDIS/Consulting attach.,66,False
ANM-00153,Opportunity,006RQFB3TTVO6QSTFG,Alpine Technologies Corp. - Firewall Upgrade,Gary Stewart,24219.0,Pipeline Coverage,stalled_pipeline,"No field changes logged since 2026-05-04, still open",Rep should confirm deal status this week or reassign/close it out.,66,True
ANM-00016,Opportunity,006F4RFJ4X961BGNB7,Kingsley Energy Partners Co. - Endpoint Protection,Michelle McDermott,3793.0,Sequence Integrity,stage_skip,Identification to Proposal -> Proposal to Deal Won,"Confirm the deal was actually qualified through the skipped stages; if not, review with the rep.",66,False
ANM-00044,Opportunity,006WPCAHR63QK27LRD,Brightpath Solutions Inc. - SD-WAN Rollout,Karen Phillips,1510.0,Sequence Integrity,stage_skip,Identification to Deal Won,"Confirm the deal was actually qualified through the skipped stages; if not, review with the rep.",65,False
ANM-00327,Opportunity,0062O9ASL9Y1K642R7,Millbrook Utilities Corp. - Endpoint Protection,Linda Evans,6970.0,Deal Governance,flash_close,Product deal won unusually fast,Confirm the deal's qualification history is genuine.,64,False
ANM-00050,Opportunity,0062O7WLJ5ROVCGQKT,Cobalt Holdings Co. - Colocation Expansion,Amanda Morris,4402.0,Sequence Integrity,forecast_regression,Commit on 2026-08-16 -> Pipeline on 2026-08-24,Treat this rep's current forecast for this deal with reduced confidence; ask for a re-qualification.,64,False
ANM-00418,Account,001BHN0C3LE5DE8SQY,"Franklin, Metropolitan Water District",,64220.0,Concentration & Cross-Sell,portfolio_mix_imbalance,Large account with Services revenue well below the NA-wide target mix,Cross-sell candidate for Technical Services/SDIS/Consulting attach.,64,False
ANM-00029,Opportunity,006MUWZSN2ZBW6U7OI,Pinehurst Industries Group - Network Refresh,Linda Green,1260.0,Sequence Integrity,stage_skip,Identification to Deal Won,"Confirm the deal was actually qualified through the skipped stages; if not, review with the rep.",63,False
ANM-00074,Opportunity,00607FQBSL0SW68HS2,Beacon Logistics LLC - Managed Services Renewal,Melissa Adams,3305.0,Pipeline Coverage,stalled_pipeline,"No field changes logged since 2026-03-18, still open",Rep should confirm deal status this week or reassign/close it out.,63,True
ANM-00008,Opportunity,0063XNP1FSZTQSS237,Halifax - Digital Workplace Upgrade,Paul Wright,1199.0,Sequence Integrity,stage_skip,Identification to Deal Won,"Confirm the deal was actually qualified through the skipped stages; if not, review with the rep.",63,False
ANM-00214,Segment,FY26-Q2 / Networking / Consulting Services,FY26-Q2 / Networking / Consulting Services,,6816.0,Pipeline Coverage,coverage_hole,"Active pipeline GP 0 vs. budget GP 6,816",Regional/segment lead should drive pipeline-generation activity for this LOB/Portfolio this quarter.,63,True
ANM-00472,Opportunity,006K6DCGMH3EFEX5FT,Ashford Technologies Corp. - Unified Communications,Rebecca Bell,3439.0,Multivariate ML,ml_multivariate_outlier,"Stage=Proposal, GP=3,439, 1 stage changes, 205 days quiet","Review manually -- flagged by combination of signals, not a single rule.",63,False
ANM-00045,Opportunity,006WZXUJPT96033Y3C,Cobalt Holdings Co. - Network Refresh,Kathleen Clark,2966.0,Sequence Integrity,stage_skip,Identification to Proposal -> Proposal to Deal Won,"Confirm the deal was actually qualified through the skipped stages; if not, review with the rep.",62,False
ANM-00243,Opportunity,006ZTRRAXSCME60RD4,Silverline Holdings Corp. - Endpoint Protection,Melissa Edwards,26137.0,Value Integrity,value_shrinkage,"Logged as high as 1,974,675, settled at 429,911",Review this rep's qualification accuracy for this Portfolio.,62,True
ANM-00285,Opportunity,006VA7LCGR57XJZ4OV,Cobalt Holdings Co. - Unified Communications,Brian Thompson,528.0,Value Integrity,deal_size_outlier,"Digital Workplace / VBR line, peer IQR fence exceeded",Confirm the entered amount before it feeds quarterly pipeline roll-ups.,62,False
ANM-00299,Opportunity,006HXZDY3D5TWBWQN2,Brightpath Solutions Inc. - SD-WAN Rollout,Karen Phillips,735.0,Value Integrity,margin_outlier,"Product line, peer IQR fence exceeded",Review pricing/discount or confirm cost basis was captured correctly.,62,False
ANM-00182,Opportunity,00655M1D8W1A8RHFDY,Stonebridge Data Systems Inc. - SD-WAN Rollout,Scott Carter,12641.0,Pipeline Coverage,sales_cycle_outlier,"Technical Services deal, still open at 241 days vs. ~90-day target",Review why this deal has taken materially longer than typical for its Portfolio.,62,False
ANM-00207,Opportunity,006W79DT6LCE07ZBOM,Cobalt Holdings Co. - SD-WAN Rollout,Kathleen Clark,17183.0,Pipeline Coverage,sales_cycle_outlier,"Technical Services deal, still open at 238 days vs. ~90-day target",Review why this deal has taken materially longer than typical for its Portfolio.,61,False
ANM-00077,Opportunity,00627W92YOMOJUPKGS,Brightpath Solutions Inc. - Network Refresh,Karen Phillips,5926.0,Pipeline Coverage,stalled_pipeline,"No field changes logged since 2026-04-22, still open",Rep should confirm deal status this week or reassign/close it out.,61,True
ANM-00192,Opportunity,006FF53M0HWHXM44MB,Kingsley Energy Partners Co. - Data Center Migration,Michelle McDermott,3127.0,Pipeline Coverage,sales_cycle_outlier,"Technical Services deal, still open at 248 days vs. ~90-day target",Review why this deal has taken materially longer than typical for its Portfolio.,61,False
ANM-00354,Rep,Nancy Scott,Nancy Scott,Nancy Scott,30664.0,Rep Behavior,rep_sandbagging_rate,1 of 19 owned opportunities grew well beyond peer norms,Coach on early sizing accuracy -- likely under-forecasting deal potential.,61,False
ANM-00015,Opportunity,006DYFI3YW3KXHROWC,Everline Consumer Goods Group - Network Refresh,Maria Martinez,964.0,Sequence Integrity,stage_skip,Identification to Deal Won,"Confirm the deal was actually qualified through the skipped stages; if not, review with the rep.",61,False
ANM-00079,Opportunity,0062G2L073GGE4TFVT,Fieldstone Holdings Ltd. - Managed Services Renewal,Melissa Adams,4808.0,Pipeline Coverage,stalled_pipeline,"No field changes logged since 2026-04-19, still open",Rep should confirm deal status this week or reassign/close it out.,61,True
ANM-00419,Account,001D9FK3080WMAEKBS,Stonebridge Systems Co.,,12634.0,Concentration & Cross-Sell,portfolio_mix_imbalance,Large account with Services revenue well below the NA-wide target mix,Cross-sell candidate for Technical Services/SDIS/Consulting attach.,60,False
ANM-00346,Rep,Linda Young,Linda Young,Linda Young,23431.0,Rep Behavior,rep_value_shrink_rate,1 of 10 owned opportunities shrank well beyond peer norms,Review this rep's opportunity-qualification/sizing process.,60,True
ANM-00432,Account,001S9P1M5NJE4K3DSP,Ironclad Transport Co LLC,,47902.0,Concentration & Cross-Sell,portfolio_mix_imbalance,Large account with Services revenue well below the NA-wide target mix,Cross-sell candidate for Technical Services/SDIS/Consulting attach.,60,False
ANM-00426,Account,001N2FPYZPCAQ3B5YA,Silverline Holdings Corp.,,125609.0,Concentration & Cross-Sell,portfolio_mix_imbalance,Large account with Services revenue well below the NA-wide target mix,Cross-sell candidate for Technical Services/SDIS/Consulting attach.,60,False
ANM-00052,Opportunity,00643JLEHB34PVIBSF,Westfall Financial Group Co. - Colocation Expansion,Steven Cook,1107.0,Sequence Integrity,forecast_regression,Commit on 2026-08-17 -> Omitted on 2026-08-24,Treat this rep's current forecast for this deal with reduced confidence; ask for a re-qualification.,60,False
ANM-00330,Opportunity,006C56GIHMWO0OVUJC,Riverbend Consumer Goods LLC - Colocation Expansion,Cynthia Turner,4615.0,Deal Governance,flash_close,Product deal won unusually fast,Confirm the deal's qualification history is genuine.,60,False
ANM-00238,Opportunity,006QS46PC5T1BKKZY0,Fieldstone Holdings LLC - Firewall Upgrade,Rebecca Scott,3633.0,Value Integrity,value_shrinkage,"Logged as high as 199,746, settled at 41,492",Review this rep's qualification accuracy for this Portfolio.,60,True
ANM-00179,Opportunity,00627W92YOMOJUPKGS,Brightpath Solutions Inc. - Network Refresh,Karen Phillips,5926.0,Pipeline Coverage,sales_cycle_outlier,"Product deal, still open at 244 days vs. ~90-day target",Review why this deal has taken materially longer than typical for its Portfolio.,60,False
ANM-00366,Account,001OIT4GSV3U016NZI,Oakridge Consumer Goods Corp.,,257390.0,Concentration & Cross-Sell,account_concentration_risk,Oakridge Consumer Goods Corp. represents 3% of all GP,Account-risk/retention review -- classic whale-risk exposure.,60,False
ANM-00377,Account,001EUKUERFCFERTVPG,Everline Solutions Inc.,,13666.0,Concentration & Cross-Sell,whitespace_single_lob_account,Currently only Networking. Peers of similar size commonly also have: Security,Cross-sell opportunity -- consider pitching Security based on peer attach patterns.,59,True
ANM-00058,Opportunity,006FF53M0HWHXM44MB,Kingsley Energy Partners Co. - Data Center Migration,Michelle McDermott,3127.0,Sequence Integrity,forecast_regression,Commit on 2026-04-08 -> Pipeline on 2026-04-20,Treat this rep's current forecast for this deal with reduced confidence; ask for a re-qualification.,59,False
ANM-00273,Opportunity,006Z94AON30B4HNGFS,Kingston - Colocation Expansion,Michelle McDermott,4079.0,Value Integrity,deal_size_outlier,"Networking / VBR line, peer IQR fence exceeded",Confirm the entered amount before it feeds quarterly pipeline roll-ups.,59,False
ANM-00468,Opportunity,006GNWF4ITMYHDS5W1,Beacon Logistics LLC - Security Assessment,Karen Phillips,2700.0,Multivariate ML,ml_multivariate_outlier,"Stage=Qualification, GP=2,700, 2 stage changes, 1 days quiet","Review manually -- flagged by combination of signals, not a single rule.",59,False
ANM-00474,Opportunity,006MT34NTA4ICVNOPW,Cobalt Holdings Co. - Backup & DR,Brian Thompson,6165.0,Multivariate ML,ml_multivariate_outlier,"Stage=Identification, GP=6,165, 0 stage changes, 106 days quiet","Review manually -- flagged by combination of signals, not a single rule.",59,False
ANM-00038,Opportunity,006TQ9FJ4K74DQ1RHB,Brightpath Retail Group Group - Network Refresh,Kathleen Clark,9571.0,Sequence Integrity,stage_skip,Identification to Proposal,"Confirm the deal was actually qualified through the skipped stages; if not, review with the rep.",59,False
ANM-00034,Opportunity,006RKGFC6A5VW82F8G,Cobalt Holdings Co. - Managed Services Renewal,Melissa Adams,9245.0,Sequence Integrity,stage_skip,Identification to Proposal,"Confirm the deal was actually qualified through the skipped stages; if not, review with the rep.",59,False
ANM-00473,Opportunity,006KULLYZRKGJL8L6T,Novara Enterprises Inc. - Security Assessment,Steven Green,8720.0,Multivariate ML,ml_multivariate_outlier,"Stage=Qualification, GP=8,720, 2 stage changes, 42 days quiet","Review manually -- flagged by combination of signals, not a single rule.",58,False
ANM-00430,Account,001QACSU0UGNP9TW0N,Wexford Utilities LLC,,14853.0,Concentration & Cross-Sell,portfolio_mix_imbalance,Large account with Services revenue well below the NA-wide target mix,Cross-sell candidate for Technical Services/SDIS/Consulting attach.,58,False
ANM-00145,Opportunity,006OGXJEJJBZMTT11U,Ashford Transport Co LLC - Network Refresh,Jose McDermott,5812.0,Pipeline Coverage,stalled_pipeline,"No field changes logged since 2026-04-29, still open",Rep should confirm deal status this week or reassign/close it out.,58,True
ANM-00294,Opportunity,0062HZ4HORYMSSAUU9,Ashford Transport Co Corp. - Wireless Expansion,Cynthia Young,1433.0,Value Integrity,margin_outlier,"Product line, peer IQR fence exceeded",Review pricing/discount or confirm cost basis was captured correctly.,58,False
ANM-00372,Account,00194LAIIAYD4QZMEG,Everline Systems Ltd.,,13135.0,Concentration & Cross-Sell,whitespace_single_lob_account,Currently only Networking. Peers of similar size commonly also have: Security,Cross-sell opportunity -- consider pitching Security based on peer attach patterns.,58,True
ANM-00210,Opportunity,006Y5LRV38ZPOXCPM7,Sonoma - Unified Communications,Cynthia Young,8909.0,Pipeline Coverage,sales_cycle_outlier,"Product deal, still open at 240 days vs. ~90-day target",Review why this deal has taken materially longer than typical for its Portfolio.,58,False
ANM-00228,Opportunity,006EX2ESTLHZIBVCLD,Windsor - Managed Services Renewal,Paul Martinez,1238.0,Value Integrity,value_shrinkage,"Logged as high as 31,637, settled at 6,550",Review this rep's qualification accuracy for this Portfolio.,58,True
ANM-00387,Account,001MKGEIU2Y1ZN6GZD,"San Joaquin, Regional Transit Authority",,12359.0,Concentration & Cross-Sell,whitespace_single_lob_account,Currently only Networking. Peers of similar size commonly also have: Security,Cross-sell opportunity -- consider pitching Security based on peer attach patterns.,58,True
ANM-00339,Rep,Amanda Morris,Amanda Morris,Amanda Morris,106126.0,Rep Behavior,rep_forecast_reliability,1 of 18 owned opportunities show a forecast regression,Discount this rep's Commit/Best Case calls; review forecasting habits 1:1.,58,False
ANM-00193,Opportunity,006G0ULENCTR72QTYK,Cobalt Holdings Co. - Access Control Modernization,Linda Evans,445.0,Pipeline Coverage,sales_cycle_outlier,"Product deal, still open at 256 days vs. ~90-day target",Review why this deal has taken materially longer than typical for its Portfolio.,58,False
ANM-00010,Opportunity,0069TZ80VWX9ZKA2RO,Cobalt Holdings Co. - Network Refresh,Christine Phillips,8183.0,Sequence Integrity,stage_skip,Identification to Proposal,"Confirm the deal was actually qualified through the skipped stages; if not, review with the rep.",58,False
ANM-00458,Opportunity,0069E0LOJ2UFO277E4,Everline Health Systems LLC - Wireless Expansion,Susan Roberts,2411.0,Multivariate ML,ml_multivariate_outlier,"Stage=Requirements Definition, GP=2,411, 1 stage changes, 157 days quiet","Review manually -- flagged by combination of signals, not a single rule.",57,False
ANM-00344,Rep,Maria Martinez,Maria Martinez,Maria Martinez,74411.0,Rep Behavior,rep_forecast_reliability,1 of 18 owned opportunities show a forecast regression,Discount this rep's Commit/Best Case calls; review forecasting habits 1:1.,57,False
ANM-00183,Opportunity,0066XYY35O0YVIQHE7,Monroe - Security Assessment,Steven Cook,1281.0,Pipeline Coverage,sales_cycle_outlier,"Technical Services deal, still open at 250 days vs. ~90-day target",Review why this deal has taken materially longer than typical for its Portfolio.,57,False
ANM-00212,Segment,FY26-Q2 / Digital Workplace / SDIS,FY26-Q2 / Digital Workplace / SDIS,,4010.0,Pipeline Coverage,coverage_hole,"Active pipeline GP 0 vs. budget GP 4,010",Regional/segment lead should drive pipeline-generation activity for this LOB/Portfolio this quarter.,57,True
ANM-00400,Account,001UO248O6ENJ7VNF2,Oakridge Media Group LLC,,10358.0,Concentration & Cross-Sell,whitespace_single_lob_account,Currently only Networking. Peers of similar size commonly also have: Security,Cross-sell opportunity -- consider pitching Security based on peer attach patterns.,57,True
ANM-00405,Account,001XQPR99FEI4Q5XTK,Wexford Insurance Group Ltd.,,11705.0,Concentration & Cross-Sell,whitespace_single_lob_account,Currently only Networking. Peers of similar size commonly also have: Security,Cross-sell opportunity -- consider pitching Security based on peer attach patterns.,57,True
ANM-00440,Account,001YE9PMBG8T68BN4R,Riverbend Insurance Group LLC,,16513.0,Concentration & Cross-Sell,portfolio_mix_imbalance,Large account with Services revenue well below the NA-wide target mix,Cross-sell candidate for Technical Services/SDIS/Consulting attach.,57,False
ANM-00154,Opportunity,006S9RGV05RPSHD1EY,Redstone Enterprises Co. - Managed Services Renewal,Frank Green,7205.0,Pipeline Coverage,stalled_pipeline,"No field changes logged since 2026-05-05, still open",Rep should confirm deal status this week or reassign/close it out.,57,True
ANM-00394,Account,001R6IX3P8QQ5W52ZI,"Clark, Public Health Department",,11170.0,Concentration & Cross-Sell,whitespace_single_lob_account,Currently only Networking. Peers of similar size commonly also have: Security,Cross-sell opportunity -- consider pitching Security based on peer attach patterns.,57,True
ANM-00444,Account,001ZRMSFES3T2GQWMA,Bluepeak Data Systems Inc.,,80647.0,Concentration & Cross-Sell,portfolio_mix_imbalance,Large account with Services revenue well below the NA-wide target mix,Cross-sell candidate for Technical Services/SDIS/Consulting attach.,57,False
ANM-00456,Opportunity,0067W9UYT7EOYR8UEW,Cobalt Holdings Co. - Data Center Migration,Brian Thompson,3220.0,Multivariate ML,ml_multivariate_outlier,"Stage=Requirements Definition, GP=3,220, 1 stage changes, 223 days quiet","Review manually -- flagged by combination of signals, not a single rule.",57,False
ANM-00241,Opportunity,006XRJB837EAHDQXHO,Novara Enterprises Inc. - Managed Services Renewal,Steven Green,6557.0,Value Integrity,value_shrinkage,"Logged as high as 139,654, settled at 29,569",Review this rep's qualification accuracy for this Portfolio.,57,True
ANM-00305,Opportunity,0064OOKR9BVGECJ002,Cobalt Holdings Co. - Access Control Modernization,Amanda Morris,2383.0,Value Integrity,margin_outlier,"Product line, peer IQR fence exceeded",Review pricing/discount or confirm cost basis was captured correctly.,57,False
ANM-00240,Opportunity,006WXTB3UG3KNXKALY,Stonebridge Data Systems Inc. - Security Assessment,Paul Carter,509.0,Value Integrity,value_shrinkage,"Logged as high as 11,593, settled at 2,377",Review this rep's qualification accuracy for this Portfolio.,57,True
ANM-00060,Opportunity,006G0A91ONNO42HGTX,Cobalt Holdings Co. - Cloud Connectivity,Brian Thompson,14862.0,Sequence Integrity,forecast_regression,Commit on 2026-08-31 -> Best Case on 2026-09-05,Treat this rep's current forecast for this deal with reduced confidence; ask for a re-qualification.,57,False
ANM-00083,Opportunity,0063G7MWFKMV6IXR2M,Cobalt Media Group Ltd. - Security Assessment,Robert Cook,1026.0,Pipeline Coverage,stalled_pipeline,"No field changes logged since 2026-03-11, still open",Rep should confirm deal status this week or reassign/close it out.,56,True
ANM-00226,Opportunity,006CWHJDXH0JORT3EI,Westfall Financial Group Co. - Colocation Expansion,Steven Cook,1222.0,Value Integrity,value_shrinkage,"Logged as high as 27,082, settled at 5,614",Review this rep's qualification accuracy for this Portfolio.,56,True
ANM-00424,Account,001L7TMJGL0SHT3AA8,Beacon Telecom Co.,,22779.0,Concentration & Cross-Sell,portfolio_mix_imbalance,Large account with Services revenue well below the NA-wide target mix,Cross-sell candidate for Technical Services/SDIS/Consulting attach.,56,False
ANM-00041,Opportunity,006VNUOMMMO4UP0S8U,Brightpath Solutions Inc. - Colocation Expansion,Karen Phillips,6327.0,Sequence Integrity,stage_skip,Qualification to Proposal Evaluation -> Proposal Evaluation to Deal Won,"Confirm the deal was actually qualified through the skipped stages; if not, review with the rep.",56,False
ANM-00019,Opportunity,006HF35UE47OYVTMKJ,Ironclad Transport Co LLC - Wireless Expansion,Daniel Collins,2440.0,Sequence Integrity,stage_skip,Qualification to Deal Won,"Confirm the deal was actually qualified through the skipped stages; if not, review with the rep.",56,False
ANM-00379,Account,001GVBR6IY48SLZRW0,Beacon Holdings Co.,,9883.0,Concentration & Cross-Sell,whitespace_single_lob_account,Currently only Networking. Peers of similar size commonly also have: Security,Cross-sell opportunity -- consider pitching Security based on peer attach patterns.,56,True
ANM-00049,Opportunity,00621WH1W43L7BMVTI,Brightpath Solutions Inc. - Digital Workplace Upgrade,Karen Phillips,574.0,Sequence Integrity,forecast_regression,Commit on 2026-04-24 -> Omitted on 2026-08-31,Treat this rep's current forecast for this deal with reduced confidence; ask for a re-qualification.,56,False
ANM-00376,Account,001DNJA78IBEC36F0G,Ironclad Telecom Ltd.,,9576.0,Concentration & Cross-Sell,whitespace_single_lob_account,Currently only Networking. Peers of similar size commonly also have: Security,Cross-sell opportunity -- consider pitching Security based on peer attach patterns.,56,True
ANM-00009,Opportunity,0067465S51N5BDFTCI,Redstone Manufacturing Inc. - SD-WAN Rollout,Timothy Turner,1312.0,Sequence Integrity,stage_skip,Identification to Proposal -> Proposal to Deal Won,"Confirm the deal was actually qualified through the skipped stages; if not, review with the rep.",56,False
ANM-00393,Account,001R234IAFIYSQAYN1,Redstone Consumer Goods Group,,10099.0,Concentration & Cross-Sell,whitespace_single_lob_account,Currently only Networking. Peers of similar size commonly also have: Security,Cross-sell opportunity -- consider pitching Security based on peer attach patterns.,56,True
ANM-00244,Opportunity,00633WNTUDPWVG7D59,Beacon Media Group LLC - Firewall Upgrade,Steven Cook,4815.0,Value Integrity,value_inflation,"Logged initially at 21,942, now 36,276",Verify the scope increase is real (upsell) rather than an initial sizing error.,56,False
ANM-00122,Opportunity,006GL6FJJ3FNOCEND9,Everline Technologies Ltd. - Security Assessment,Melissa Adams,828.0,Pipeline Coverage,stalled_pipeline,"No field changes logged since 2026-03-04, still open",Rep should confirm deal status this week or reassign/close it out.,55,True
ANM-00362,Account,0017EE7NAK4MCZHMAV,Westfall Financial Group Co.,,244384.0,Concentration & Cross-Sell,account_concentration_risk,Westfall Financial Group Co. represents 3% of all GP,Account-risk/retention review -- classic whale-risk exposure.,55,False
ANM-00383,Account,001K25RBS69OFU38BK,Cascade Solutions LLC,,8873.0,Concentration & Cross-Sell,whitespace_single_lob_account,Currently only Networking. Peers of similar size commonly also have: Security,Cross-sell opportunity -- consider pitching Security based on peer attach patterns.,55,True
ANM-00397,Account,001S9D0FMJV2CVHCPU,Cascade Energy Partners Ltd.,,9520.0,Concentration & Cross-Sell,whitespace_single_lob_account,Currently only Data Center. Peers of similar size commonly also have: Networking,Cross-sell opportunity -- consider pitching Networking based on peer attach patterns.,55,True
ANM-00403,Account,001WZ2JJCV1OFLO6EM,Clearwater Retail Group Ltd.,,9493.0,Concentration & Cross-Sell,whitespace_single_lob_account,Currently only Networking. Peers of similar size commonly also have: Security,Cross-sell opportunity -- consider pitching Security based on peer attach patterns.,55,True
ANM-00156,Opportunity,006ST87A0472C14SAG,Cascade Telecom Ltd. - Cisco IE3300,Brian Thompson,3183.0,Pipeline Coverage,stalled_pipeline,"No field changes logged since 2026-04-17, still open",Rep should confirm deal status this week or reassign/close it out.,55,True
ANM-00459,Opportunity,006AIODLWFWQ4WQ3GU,Cobalt Holdings Co. - SD-WAN Rollout,Brian Thompson,263.0,Multivariate ML,ml_multivariate_outlier,"Stage=Identification, GP=263, 0 stage changes, 217 days quiet","Review manually -- flagged by combination of signals, not a single rule.",55,False
ANM-00384,Account,001KWTID655S5RCHJN,Cobalt Networks Ltd.,,8901.0,Concentration & Cross-Sell,whitespace_single_lob_account,Currently only Networking. Peers of similar size commonly also have: Security,Cross-sell opportunity -- consider pitching Security based on peer attach patterns.,55,True
ANM-00087,Opportunity,0065D16H3VXZM60PW8,Brightpath Solutions Inc. - Wireless Expansion,Angela Campbell,1274.0,Pipeline Coverage,stalled_pipeline,"No field changes logged since 2026-03-17, still open",Rep should confirm deal status this week or reassign/close it out.,55,True
ANM-00102,Opportunity,006AIODLWFWQ4WQ3GU,Cobalt Holdings Co. - SD-WAN Rollout,Brian Thompson,263.0,Pipeline Coverage,stalled_pipeline,"No field changes logged since 2026-02-10, still open",Rep should confirm deal status this week or reassign/close it out.,55,True
ANM-00353,Rep,Nancy Lewis,Nancy Lewis,Nancy Lewis,73809.0,Rep Behavior,rep_sandbagging_rate,1 of 20 owned opportunities grew well beyond peer norms,Coach on early sizing accuracy -- likely under-forecasting deal potential.,55,False
ANM-00089,Opportunity,0066XYY35O0YVIQHE7,Monroe - Security Assessment,Steven Cook,1281.0,Pipeline Coverage,stalled_pipeline,"No field changes logged since 2026-03-20, still open",Rep should confirm deal status this week or reassign/close it out.,55,True
ANM-00046,Opportunity,006XY0WXXZ7HSGG8RZ,Oakridge Consumer Goods Corp. - Endpoint Protection,David Evans,231.0,Sequence Integrity,stage_skip,Identification to Deal Won,"Confirm the deal was actually qualified through the skipped stages; if not, review with the rep.",54,False
ANM-00043,Opportunity,006WHBDIEXFQLXBO3I,Cobalt Holdings Co. - Backup & DR,David Stewart,232.0,Sequence Integrity,stage_skip,Identification to Deal Won,"Confirm the deal was actually qualified through the skipped stages; if not, review with the rep.",54,False
ANM-00446,Opportunity,0060L4DA00D542O7E2,Novara Enterprises Inc. - Wireless Expansion,Steven Green,114.0,Multivariate ML,ml_multivariate_outlier,"Stage=Qualification, GP=114, 0 stage changes, 71 days quiet","Review manually -- flagged by combination of signals, not a single rule.",54,False
ANM-00404,Account,001XOSGM1XHT3ECOXL,Beacon Networks Group,,8708.0,Concentration & Cross-Sell,whitespace_single_lob_account,Currently only Networking. Peers of similar size commonly also have: Security,Cross-sell opportunity -- consider pitching Security based on peer attach patterns.,54,True
ANM-00093,Opportunity,0067FU46TR26AJK4AE,Everline Systems Ltd. - Network Refresh,Amanda Collins,232.0,Pipeline Coverage,stalled_pipeline,"No field changes logged since 2026-02-16, still open",Rep should confirm deal status this week or reassign/close it out.,54,True
ANM-00371,Account,0015JFGYEBTKQFHPYO,"Clark, State Dept of Technology",,8554.0,Concentration & Cross-Sell,whitespace_single_lob_account,Currently only Networking. Peers of similar size commonly also have: Security,Cross-sell opportunity -- consider pitching Security based on peer attach patterns.,54,True
ANM-00184,Opportunity,0067W9UYT7EOYR8UEW,Cobalt Holdings Co. - Data Center Migration,Brian Thompson,3220.0,Pipeline Coverage,sales_cycle_outlier,"Product deal, still open at 245 days vs. ~90-day target",Review why this deal has taken materially longer than typical for its Portfolio.,54,False
ANM-00389,Account,001NLFAM2IGLVHHELH,Harborview Systems Ltd.,,7390.0,Concentration & Cross-Sell,whitespace_single_lob_account,Currently only Networking. Peers of similar size commonly also have: Security,Cross-sell opportunity -- consider pitching Security based on peer attach patterns.,54,True
ANM-00374,Account,001DCPYLL4ACF9RFL8,"Douglas, Township Of",,7670.0,Concentration & Cross-Sell,whitespace_single_lob_account,Currently only Networking. Peers of similar size commonly also have: Security,Cross-sell opportunity -- consider pitching Security based on peer attach patterns.,54,True
ANM-00369,Account,00112AZW8B8UJN19L9,Millbrook Holdings Inc.,,8218.0,Concentration & Cross-Sell,whitespace_single_lob_account,Currently only Networking. Peers of similar size commonly also have: Security,Cross-sell opportunity -- consider pitching Security based on peer attach patterns.,54,True
ANM-00063,Opportunity,006JV1OMD4IX2NFYL4,Meridian Telecom LLC - Endpoint Protection,Kathleen Green,355.0,Sequence Integrity,forecast_regression,Commit on 2026-08-19 -> Omitted on 2026-09-03,Treat this rep's current forecast for this deal with reduced confidence; ask for a re-qualification.,54,False
ANM-00117,Opportunity,006FF53M0HWHXM44MB,Kingsley Energy Partners Co. - Data Center Migration,Michelle McDermott,3127.0,Pipeline Coverage,stalled_pipeline,"No field changes logged since 2026-04-20, still open",Rep should confirm deal status this week or reassign/close it out.,54,True
ANM-00279,Opportunity,006MOU6VDR5R96JOGG,Beacon Logistics LLC - Wireless Expansion,Melissa Adams,288.0,Value Integrity,deal_size_outlier,"Security / VBR line, peer IQR fence exceeded",Confirm the entered amount before it feeds quarterly pipeline roll-ups.,54,False
ANM-00215,Segment,FY26-Q1 / Digital Workplace / SDIS,FY26-Q1 / Digital Workplace / SDIS,,3408.0,Pipeline Coverage,coverage_hole,"Active pipeline GP 0 vs. budget GP 3,408",Regional/segment lead should drive pipeline-generation activity for this LOB/Portfolio this quarter.,54,True
ANM-00099,Opportunity,0069E0LOJ2UFO277E4,Everline Health Systems LLC - Wireless Expansion,Susan Roberts,2411.0,Pipeline Coverage,stalled_pipeline,"No field changes logged since 2026-04-11, still open",Rep should confirm deal status this week or reassign/close it out.,54,True
ANM-00026,Opportunity,006LPZX8H2136KLQME,Cascade Holdings Co. - Colocation Expansion,Angela Martinez,4954.0,Sequence Integrity,stage_skip,Identification to Proposal,"Confirm the deal was actually qualified through the skipped stages; if not, review with the rep.",54,False
ANM-00031,Opportunity,006ND8KFUAC1DVQD7F,Everline Systems Ltd. - Managed Services Renewal,Maria Martinez,5207.0,Sequence Integrity,stage_skip,Identification to Proposal,"Confirm the deal was actually qualified through the skipped stages; if not, review with the rep.",54,False
ANM-00451,Opportunity,0062DG0AZTIWL8O0J4,Stonebridge Data Systems Inc. - Data Center Migration,Scott Carter,7272.0,Multivariate ML,ml_multivariate_outlier,"Stage=Proposal, GP=7,272, 1 stage changes, 36 days quiet","Review manually -- flagged by combination of signals, not a single rule.",54,False
ANM-00004,Opportunity,0061UXGWFHMH6B6F5M,Ironclad Logistics Corp. - Cloud Connectivity,Amanda Morris,2038.0,Sequence Integrity,stage_skip,Identification to Proposal Evaluation,"Confirm the deal was actually qualified through the skipped stages; if not, review with the rep.",54,False
ANM-00251,Opportunity,0068KOXM6WPKKBD21D,Cobalt Holdings Co. - Endpoint Protection,Brian Thompson,1040.0,Value Integrity,value_inflation,"Logged initially at 4,224, now 7,013",Verify the scope increase is real (upsell) rather than an initial sizing error.,53,False
ANM-00267,Opportunity,006OUNRY0F9DJMLMLP,Brightpath Solutions Inc. - Colocation Expansion,Karen Phillips,57340.0,Value Integrity,deal_size_outlier,"Networking / SDIS line, peer IQR fence exceeded",Confirm the entered amount before it feeds quarterly pipeline roll-ups.,53,False
ANM-00249,Opportunity,00671UWO6FLH4TY7H8,Beacon Solutions Group - Cisco IE3300,Nancy Lewis,7537.0,Value Integrity,value_inflation,"Logged initially at 20,026, now 33,082",Verify the scope increase is real (upsell) rather than an initial sizing error.,53,False
ANM-00213,Segment,FY26-Q2 / Security / SDIS,FY26-Q2 / Security / SDIS,,3052.0,Pipeline Coverage,coverage_hole,"Active pipeline GP 0 vs. budget GP 3,052",Regional/segment lead should drive pipeline-generation activity for this LOB/Portfolio this quarter.,53,True
ANM-00325,Opportunity,0061TQZUYIKXUN4MRL,Stonebridge Data Systems Inc. - Managed Services Renewal,Scott Carter,2926.0,Deal Governance,flash_close,Product deal won unusually fast,Confirm the deal's qualification history is genuine.,53,False
ANM-00328,Opportunity,0063W2MOD6JECNR4X3,Oakridge Consumer Goods Corp. - Network Refresh,Karen Garcia,2767.0,Deal Governance,flash_close,Technical Services deal won unusually fast,Confirm the deal's qualification history is genuine.,53,False
ANM-00370,Account,0013Y1KMIOJIP41K7H,"Orange, County Of",,6873.0,Concentration & Cross-Sell,whitespace_single_lob_account,Currently only Networking. Peers of similar size commonly also have: Security,Cross-sell opportunity -- consider pitching Security based on peer attach patterns.,53,True
ANM-00084,Opportunity,00649O8TC385PDV54W,Crestwood Energy Partners Inc. - Unified Communications,Linda Evans,741.0,Pipeline Coverage,stalled_pipeline,"No field changes logged since 2026-03-12, still open",Rep should confirm deal status this week or reassign/close it out.,53,True
ANM-00157,Opportunity,006T82F0I84CGP0TDW,Ironclad Telecom Ltd. - Unified Communications,Paul Wright,9576.0,Pipeline Coverage,stalled_pipeline,"No field changes logged since 2026-06-01, still open",Rep should confirm deal status this week or reassign/close it out.,53,True
ANM-00165,Opportunity,006WRLNFZ2QBCY75OR,Ironclad Logistics Corp. - Colocation Expansion,Scott Stewart,1149.0,Pipeline Coverage,stalled_pipeline,"No field changes logged since 2026-03-21, still open",Rep should confirm deal status this week or reassign/close it out.,53,True
ANM-00392,Account,001QF30BGAJDZS90WS,Westfall Insurance Group Co.,,6948.0,Concentration & Cross-Sell,whitespace_single_lob_account,Currently only Networking. Peers of similar size commonly also have: Security,Cross-sell opportunity -- consider pitching Security based on peer attach patterns.,53,True
ANM-00033,Opportunity,006R9Z0FU03NUGPRB6,Everline Technologies Ltd. - Unified Communications,Jose McDermott,4584.0,Sequence Integrity,stage_skip,Identification to Proposal,"Confirm the deal was actually qualified through the skipped stages; if not, review with the rep.",53,False
ANM-00382,Account,001IO6VC0UOQKWUQKO,Ashford Telecom Co.,,6970.0,Concentration & Cross-Sell,whitespace_single_lob_account,Currently only Networking. Peers of similar size commonly also have: Security,Cross-sell opportunity -- consider pitching Security based on peer attach patterns.,53,True
ANM-00385,Account,001LM0AHEOTGM17AWA,Crestwood Holdings Corp.,,6842.0,Concentration & Cross-Sell,whitespace_single_lob_account,Currently only Networking. Peers of similar size commonly also have: Security,Cross-sell opportunity -- consider pitching Security based on peer attach patterns.,53,True
ANM-00245,Opportunity,00638WGB8PHIDH2XVA,Novara Enterprises Inc. - Digital Workplace Upgrade,Steven Green,1708.0,Value Integrity,value_inflation,"Logged initially at 4,954, now 8,216",Verify the scope increase is real (upsell) rather than an initial sizing error.,52,False
ANM-00001,Opportunity,0060LLOEL6AUYFDTH9,Cobalt Holdings Co. - Firewall Upgrade,Brian Thompson,836.0,Sequence Integrity,stage_skip,Identification to Proposal -> Proposal to Deal Won,"Confirm the deal was actually qualified through the skipped stages; if not, review with the rep.",52,False
ANM-00324,Opportunity,006S76NFI7ADCG2C8O,Ironclad Data Systems Co. - Backup & DR,Timothy Green,-147.0,Value Integrity,won_loss_making_deal,Deal closed Won with zero or negative gross profit,Finance/deal-desk review -- confirm pricing approval and whether this should have been booked as-is.,52,True
ANM-00442,Account,001YZI9KTRY6ON1861,Granite Enterprises Corp.,,43707.0,Concentration & Cross-Sell,portfolio_mix_imbalance,Large account with Services revenue well below the NA-wide target mix,Cross-sell candidate for Technical Services/SDIS/Consulting attach.,52,False
ANM-00479,Opportunity,006W7IY1FIO3WQ4R51,Ironclad Media Group Inc. - Network Refresh,Kathleen Lopez,118.0,Multivariate ML,ml_multivariate_outlier,"Stage=Requirements Definition, GP=118, 1 stage changes, 37 days quiet","Review manually -- flagged by combination of signals, not a single rule.",52,False
ANM-00202,Opportunity,006OK5XM5HUY6EK4R1,Riverbend Retail Group Group - Data Center Migration,Amanda Turner,3513.0,Pipeline Coverage,sales_cycle_outlier,"Product deal, still open at 242 days vs. ~90-day target",Review why this deal has taken materially longer than typical for its Portfolio.,52,False
ANM-00433,Account,001SRB0DQXC9NAXUX1,Summit Solutions LLC,,19116.0,Concentration & Cross-Sell,portfolio_mix_imbalance,Large account with Services revenue well below the NA-wide target mix,Cross-sell candidate for Technical Services/SDIS/Consulting attach.,52,False
ANM-00476,Opportunity,006OIAFV3V9W5JL3XR,Westfall Financial Group Co. - Data Center Migration,Steven Cook,89.0,Multivariate ML,ml_multivariate_outlier,"Stage=Qualification, GP=89, 0 stage changes, 128 days quiet","Review manually -- flagged by combination of signals, not a single rule.",52,False
ANM-00066,Opportunity,006MAAA203FCGWAX6F,Cascade Consumer Goods Corp. - Access Control Modernization,Jose McDermott,171.0,Sequence Integrity,forecast_regression,Closed on 2026-08-14 -> Pipeline on 2026-08-18,Treat this rep's current forecast for this deal with reduced confidence; ask for a re-qualification.,51,False
ANM-00429,Account,001OC8JSQQ405NJPUM,Clearwater Consumer Goods LLC,,21294.0,Concentration & Cross-Sell,portfolio_mix_imbalance,Large account with Services revenue well below the NA-wide target mix,Cross-sell candidate for Technical Services/SDIS/Consulting attach.,51,False
ANM-00439,Account,001XWB1W23HH7TPKX1,Millbrook Utilities Corp.,,53680.0,Concentration & Cross-Sell,portfolio_mix_imbalance,Large account with Services revenue well below the NA-wide target mix,Cross-sell candidate for Technical Services/SDIS/Consulting attach.,51,False
ANM-00289,Opportunity,006GHK2L07PE6NV864,Vertex Industries Inc. - Wireless Expansion,Amanda Turner,233.0,Value Integrity,deal_size_outlier,"Digital Workplace / VBR line, peer IQR fence exceeded",Confirm the entered amount before it feeds quarterly pipeline roll-ups.,51,False
ANM-00133,Opportunity,006J8Y9RVXFK8YTABU,Kingston - Cisco IE3300,Karen Phillips,5752.0,Pipeline Coverage,stalled_pipeline,"No field changes logged since 2026-05-19, still open",Rep should confirm deal status this week or reassign/close it out.,51,True
ANM-00144,Opportunity,006OGBCW022OAI21SA,Brightpath Solutions Inc. - SD-WAN Rollout,Karen Phillips,1485.0,Pipeline Coverage,stalled_pipeline,"No field changes logged since 2026-04-05, still open",Rep should confirm deal status this week or reassign/close it out.,51,True
ANM-00423,Account,001HPQYBK467LEHE85,Ironclad Data Systems Co.,,442413.0,Concentration & Cross-Sell,portfolio_mix_imbalance,Large account with Services revenue well below the NA-wide target mix,Cross-sell candidate for Technical Services/SDIS/Consulting attach.,51,False
ANM-00142,Opportunity,006NZWK1U588ETB5ZJ,Cobalt Holdings Co. - Managed Services Renewal,Brian Thompson,25713.0,Pipeline Coverage,stalled_pipeline,"No field changes logged since 2026-06-22, still open",Rep should confirm deal status this week or reassign/close it out.,50,True
ANM-00287,Opportunity,006N636KP41G4DJTX2,Redstone Manufacturing Inc. - Colocation Expansion,Angela Martinez,267.0,Value Integrity,deal_size_outlier,"Security / VBR line, peer IQR fence exceeded",Confirm the entered amount before it feeds quarterly pipeline roll-ups.,50,False
ANM-00264,Opportunity,006Q5ORZW53HJ5396W,Ashford Transport Co LLC - Digital Workplace Upgrade,Justin Ragsdale,1681.0,Value Integrity,value_inflation,"Logged initially at 10,371, now 17,165",Verify the scope increase is real (upsell) rather than an initial sizing error.,50,False
ANM-00334,Opportunity,006JF9F67B3VOSP3OE,Jefferson - Security Assessment,Justin Ragsdale,2298.0,Deal Governance,flash_close,Technical Services deal won unusually fast,Confirm the deal's qualification history is genuine.,50,False
ANM-00195,Opportunity,006H597HI9WT5GOF2H,Cobalt Media Group Ltd. - Managed Services Renewal,Robert Cook,1342.0,Pipeline Coverage,sales_cycle_outlier,"Product deal, still open at 247 days vs. ~90-day target",Review why this deal has taken materially longer than typical for its Portfolio.,50,False
ANM-00386,Account,001M9X3D8RZID5QEXB,Beacon Media Group LLC,,4815.0,Concentration & Cross-Sell,whitespace_single_lob_account,Currently only Networking. Peers of similar size commonly also have: Security,Cross-sell opportunity -- consider pitching Security based on peer attach patterns.,50,True
ANM-00447,Opportunity,0060QB7UHTOMQ1F8CF,Beacon Solutions Group - Colocation Expansion,Susan Hill,1975.0,Multivariate ML,ml_multivariate_outlier,"Stage=Deal Won, GP=1,975, 1 stage changes, 162 days quiet","Review manually -- flagged by combination of signals, not a single rule.",50,False
ANM-00021,Opportunity,006JA06PW87BCNKFF3,Cobalt Holdings Co. - Network Refresh,Brian Thompson,111.0,Sequence Integrity,stage_skip,Identification to Deal Won,"Confirm the deal was actually qualified through the skipped stages; if not, review with the rep.",50,False
ANM-00416,Account,001AKJP9LZ1BSQSGQE,Ironclad Energy Partners LLC,,56185.0,Concentration & Cross-Sell,portfolio_mix_imbalance,Large account with Services revenue well below the NA-wide target mix,Cross-sell candidate for Technical Services/SDIS/Consulting attach.,50,False
ANM-00174,Opportunity,006ZUX4VWRXNCAZWO0,Orange - Cloud Connectivity,Christine Phillips,5370.0,Pipeline Coverage,stalled_pipeline,"No field changes logged since 2026-05-20, still open",Rep should confirm deal status this week or reassign/close it out.,50,True
ANM-00189,Opportunity,006DP7RDASINLO8CDK,Beacon Logistics LLC - SD-WAN Rollout,Melissa Adams,107.0,Pipeline Coverage,sales_cycle_outlier,"Product deal, still open at 256 days vs. ~90-day target",Review why this deal has taken materially longer than typical for its Portfolio.,50,False
ANM-00329,Opportunity,0065FKKM8YGZCCXHP3,Cobalt Holdings Co. - Access Control Modernization,Brian Thompson,1761.0,Deal Governance,flash_close,Product deal won unusually fast,Confirm the deal's qualification history is genuine.,49,False
ANM-00480,Opportunity,006WHTY672U5D9HO6Z,Cobalt Holdings Co. - Unified Communications,Amanda Morris,130.0,Multivariate ML,ml_multivariate_outlier,"Stage=Proposal Evaluation, GP=130, 2 stage changes, 117 days quiet","Review manually -- flagged by combination of signals, not a single rule.",49,False
ANM-00067,Opportunity,006OGXJEJJBZMTT11U,Ashford Transport Co LLC - Network Refresh,Jose McDermott,5812.0,Sequence Integrity,forecast_regression,Pipeline on 2026-03-13 -> Omitted on 2026-04-29,Treat this rep's current forecast for this deal with reduced confidence; ask for a re-qualification.,49,False
ANM-00205,Opportunity,006UUJIYLVB9DBP5WR,Cobalt Holdings Co. - Unified Communications,Brian Thompson,10399.0,Pipeline Coverage,sales_cycle_outlier,"Product deal, closed at 230 days vs. ~90-day target",Review why this deal has taken materially longer than typical for its Portfolio.,49,False
ANM-00378,Account,001FNX9AZ48PEJ45WE,Harborview Telecom Group,,4456.0,Concentration & Cross-Sell,whitespace_single_lob_account,Currently only Networking. Peers of similar size commonly also have: Security,Cross-sell opportunity -- consider pitching Security based on peer attach patterns.,49,True
ANM-00460,Opportunity,006B7XXKJ2PDRSUT4I,Beacon Logistics LLC - Managed Services Renewal,Melissa Adams,191.0,Multivariate ML,ml_multivariate_outlier,"Stage=Qualification, GP=191, 2 stage changes, 89 days quiet","Review manually -- flagged by combination of signals, not a single rule.",49,False
ANM-00163,Opportunity,006W79DT6LCE07ZBOM,Cobalt Holdings Co. - SD-WAN Rollout,Kathleen Clark,17183.0,Pipeline Coverage,stalled_pipeline,"No field changes logged since 2026-06-21, still open",Rep should confirm deal status this week or reassign/close it out.,49,True
ANM-00219,Segment,FY26-Q2 / Data Center / Consulting Services,FY26-Q2 / Data Center / Consulting Services,,1933.0,Pipeline Coverage,coverage_hole,"Active pipeline GP 0 vs. budget GP 1,933",Regional/segment lead should drive pipeline-generation activity for this LOB/Portfolio this quarter.,49,True
ANM-00466,Opportunity,006F8EIQNO1URZVWRT,Silverline Health Systems Group - Data Center Migration,Kathleen Lopez,302.0,Multivariate ML,ml_multivariate_outlier,"Stage=Qualification, GP=302, 2 stage changes, 24 days quiet","Review manually -- flagged by combination of signals, not a single rule.",49,False
ANM-00140,Opportunity,006MT34NTA4ICVNOPW,Cobalt Holdings Co. - Backup & DR,Brian Thompson,6165.0,Pipeline Coverage,stalled_pipeline,"No field changes logged since 2026-06-01, still open",Rep should confirm deal status this week or reassign/close it out.,49,True
ANM-00175,Opportunity,006ZV5K2U7QZRON74I,Brightpath Solutions Inc. - Cisco IE3300,Karen Phillips,2349.0,Pipeline Coverage,stalled_pipeline,"No field changes logged since 2026-04-27, still open",Rep should confirm deal status this week or reassign/close it out.,48,True
ANM-00450,Opportunity,0061UXGWFHMH6B6F5M,Ironclad Logistics Corp. - Cloud Connectivity,Amanda Morris,2038.0,Multivariate ML,ml_multivariate_outlier,"Stage=Proposal Evaluation, GP=2,038, 1 stage changes, 16 days quiet","Review manually -- flagged by combination of signals, not a single rule.",48,False
ANM-00100,Opportunity,0069H7APLOJJ1AEJ3O,Cobalt Holdings Co. - Unified Communications,Brian Thompson,3926.0,Pipeline Coverage,stalled_pipeline,"No field changes logged since 2026-05-15, still open",Rep should confirm deal status this week or reassign/close it out.,48,True
ANM-00227,Opportunity,006DE23OT24P22264Q,Ashford Telecom Corp. - Security Assessment,Cynthia Turner,2427.0,Value Integrity,value_shrinkage,"Logged as high as 51,653, settled at 10,879",Review this rep's qualification accuracy for this Portfolio.,48,True
ANM-00141,Opportunity,006NP5HO5ZD2CK7CG5,Oakridge Consumer Goods Corp. - Wireless Expansion,Deborah Hall,2394.0,Pipeline Coverage,stalled_pipeline,"No field changes logged since 2026-04-27, still open",Rep should confirm deal status this week or reassign/close it out.,48,True
ANM-00108,Opportunity,006CG72JBOVBQT9GGP,Stonebridge Networks LLC - Colocation Expansion,Scott Stewart,994.0,Pipeline Coverage,stalled_pipeline,"No field changes logged since 2026-04-09, still open",Rep should confirm deal status this week or reassign/close it out.,48,True
ANM-00252,Opportunity,006APQ14CIVN9XLYPQ,Cobalt Holdings Co. - Endpoint Protection,Brian Thompson,2112.0,Value Integrity,value_inflation,"Logged initially at 11,858, now 19,619",Verify the scope increase is real (upsell) rather than an initial sizing error.,48,False
ANM-00028,Opportunity,006MJ59QEV3QE0155R,Harborview Solutions Co. - Data Center Migration,David Evans,3396.0,Sequence Integrity,stage_skip,Identification to Proposal,"Confirm the deal was actually qualified through the skipped stages; if not, review with the rep.",48,False
ANM-00196,Opportunity,006I4EITTVGJJP7Q9J,Stonebridge Data Systems Inc. - SD-WAN Rollout,Linda Evans,583.0,Pipeline Coverage,sales_cycle_outlier,"SDIS deal, still open at 248 days vs. ~90-day target",Review why this deal has taken materially longer than typical for its Portfolio.,48,False
ANM-00161,Opportunity,006VZG9H54GA05ZCXO,Novara Enterprises Inc. - Colocation Expansion,Steven Green,652.0,Pipeline Coverage,stalled_pipeline,"No field changes logged since 2026-03-23, still open",Rep should confirm deal status this week or reassign/close it out.,48,True
ANM-00190,Opportunity,006ENFW4VL3MAXZHNA,Cobalt Holdings Co. - SD-WAN Rollout,Brian Thompson,964.0,Pipeline Coverage,sales_cycle_outlier,"Product deal, still open at 247 days vs. ~90-day target",Review why this deal has taken materially longer than typical for its Portfolio.,47,False
ANM-00338,Opportunity,006V2CM279VBA30GEF,Cobalt Holdings Co. - Digital Workplace Upgrade,Brian Thompson,1342.0,Deal Governance,flash_close,Product deal won unusually fast,Confirm the deal's qualification history is genuine.,47,False
ANM-00470,Opportunity,006JA06PW87BCNKFF3,Cobalt Holdings Co. - Network Refresh,Brian Thompson,111.0,Multivariate ML,ml_multivariate_outlier,"Stage=Deal Won, GP=111, 1 stage changes, 37 days quiet","Review manually -- flagged by combination of signals, not a single rule.",47,False
ANM-00475,Opportunity,006N6BWP7SU03SZ2SZ,Bluepeak Data Systems Inc. - Wireless Expansion,Rebecca Bell,743.0,Multivariate ML,ml_multivariate_outlier,"Stage=Qualification, GP=743, 2 stage changes, 51 days quiet","Review manually -- flagged by combination of signals, not a single rule.",47,False
ANM-00191,Opportunity,006FCS6IIF7DWNOZPA,Cobalt Holdings Co. - Managed Services Renewal,Timothy Carter,4731.0,Pipeline Coverage,sales_cycle_outlier,"Product deal, closed at 236 days vs. ~90-day target",Review why this deal has taken materially longer than typical for its Portfolio.,47,False
ANM-00381,Account,001I7EXUI3D50W5OKF,Cascade Holdings Group,,3943.0,Concentration & Cross-Sell,whitespace_single_lob_account,Currently only Data Center. Peers of similar size commonly also have: Networking,Cross-sell opportunity -- consider pitching Networking based on peer attach patterns.,47,True
ANM-00012,Opportunity,006B0IZN2ELHPUGY8B,Ironclad Logistics Corp. - Cisco IE3300,Scott Stewart,11908.0,Sequence Integrity,stage_skip,Qualification to Proposal Evaluation,"Confirm the deal was actually qualified through the skipped stages; if not, review with the rep.",46,False
ANM-00259,Opportunity,006ITSB6N71ZZ9KLYI,Wexford Utilities LLC - Digital Workplace Upgrade,Nancy Scott,1247.0,Value Integrity,value_inflation,"Logged initially at 6,675, now 11,045",Verify the scope increase is real (upsell) rather than an initial sizing error.,46,False
ANM-00092,Opportunity,0067AZ2H0H66ASN6LZ,Beacon Solutions Group - Access Control Modernization,Amanda Collins,1527.0,Pipeline Coverage,stalled_pipeline,"No field changes logged since 2026-04-25, still open",Rep should confirm deal status this week or reassign/close it out.,46,True
ANM-00181,Opportunity,0063EAFL8OIKMU3C1A,Brightpath Solutions Inc. - Cisco IE3300,Karen Phillips,290.0,Pipeline Coverage,sales_cycle_outlier,"Product deal, still open at 248 days vs. ~90-day target",Review why this deal has taken materially longer than typical for its Portfolio.,46,False
ANM-00391,Account,001QBGB3QCHWV3ACBO,Riverbend Telecom Ltd.,,3740.0,Concentration & Cross-Sell,whitespace_single_lob_account,Currently only Data Center. Peers of similar size commonly also have: Networking,Cross-sell opportunity -- consider pitching Networking based on peer attach patterns.,46,True
ANM-00076,Opportunity,00612RMTJTX8NEM3QO,Cobalt Holdings Co. - Security Assessment,David Stewart,16597.0,Pipeline Coverage,stalled_pipeline,"No field changes logged since 2026-06-26, still open",Rep should confirm deal status this week or reassign/close it out.,45,True
ANM-00268,Opportunity,006L6HOKKV0JBXTXQ1,Ventura - Unified Communications,Paul Martinez,229.0,Value Integrity,deal_size_outlier,"Digital Workplace / VBR line, peer IQR fence exceeded",Confirm the entered amount before it feeds quarterly pipeline roll-ups.,45,False
ANM-00134,Opportunity,006JEEF5083EF3TWIS,Beacon Logistics LLC - Endpoint Protection,Melissa Adams,523.0,Pipeline Coverage,stalled_pipeline,"No field changes logged since 2026-04-04, still open",Rep should confirm deal status this week or reassign/close it out.,45,True
ANM-00234,Opportunity,006J2XIR7HL6YIK4KZ,Cobalt Holdings Co. - Wireless Expansion,Mark Lewis,936.0,Value Integrity,value_shrinkage,"Logged as high as 28,959, settled at 6,023",Review this rep's qualification accuracy for this Portfolio.,45,True
ANM-00053,Opportunity,006A0R2U82FE6J1WZJ,Cobalt Holdings Co. - Data Center Migration,Brian Thompson,3612.0,Sequence Integrity,forecast_regression,Commit on 2026-09-04 -> Best Case on 2026-09-07,Treat this rep's current forecast for this deal with reduced confidence; ask for a re-qualification.,44,False
ANM-00128,Opportunity,006HJM903T2WY49UPX,Northgate Insurance Group LLC - Colocation Expansion,Scott Carter,1722.0,Pipeline Coverage,stalled_pipeline,"No field changes logged since 2026-05-01, still open",Rep should confirm deal status this week or reassign/close it out.,44,True
ANM-00469,Opportunity,006GPCEHHR5PLUC0BM,Brightpath Manufacturing LLC - Colocation Expansion,Frank Scott,105.0,Multivariate ML,ml_multivariate_outlier,"Stage=Identification, GP=105, 0 stage changes, 174 days quiet","Review manually -- flagged by combination of signals, not a single rule.",44,False
ANM-00062,Opportunity,006J2QAMT5ISGKJSXE,Stonebridge Manufacturing Ltd. - Data Center Migration,Kathleen Clark,3577.0,Sequence Integrity,forecast_regression,Commit on 2026-09-04 -> Best Case on 2026-09-09,Treat this rep's current forecast for this deal with reduced confidence; ask for a re-qualification.,44,False
ANM-00333,Opportunity,006J07E76N4AG17EZD,Cobalt Enterprises Group - Colocation Expansion,Deborah Hall,944.0,Deal Governance,flash_close,Product deal won unusually fast,Confirm the deal's qualification history is genuine.,44,False
ANM-00169,Opportunity,006YCKN3MRVEUH5KKO,Everline Technologies Ltd. - Endpoint Protection,Timothy Turner,6208.0,Pipeline Coverage,stalled_pipeline,"No field changes logged since 2026-06-13, still open",Rep should confirm deal status this week or reassign/close it out.,44,True
ANM-00454,Opportunity,0067O67MQS0RO7NJLL,Cobalt Holdings Co. - Firewall Upgrade,Brian Thompson,3826.0,Multivariate ML,ml_multivariate_outlier,"Stage=Proposal Evaluation, GP=3,826, 2 stage changes, 1 days quiet","Review manually -- flagged by combination of signals, not a single rule.",44,False
ANM-00465,Opportunity,006EIE3TNZD2DUBHWU,Clark - Backup & DR,Melissa Adams,3512.0,Multivariate ML,ml_multivariate_outlier,"Stage=Qualification, GP=3,512, 0 stage changes, 195 days quiet","Review manually -- flagged by combination of signals, not a single rule.",43,False
ANM-00275,Opportunity,006N3KWSNQCZCCJTK5,Alpine Energy Partners Corp. - Digital Workplace Upgrade,Mark Martinez,191.0,Value Integrity,deal_size_outlier,"Security / VBR line, peer IQR fence exceeded",Confirm the entered amount before it feeds quarterly pipeline roll-ups.,43,False
ANM-00107,Opportunity,006C9J3DLU8JP4RYPA,Cobalt Holdings Co. - Network Refresh,Brian Thompson,7322.0,Pipeline Coverage,stalled_pipeline,"No field changes logged since 2026-06-20, still open",Rep should confirm deal status this week or reassign/close it out.,43,True
ANM-00112,Opportunity,006D9BF4QNKVMD86GS,Millbrook Utilities Corp. - Wireless Expansion,Linda Evans,1066.0,Pipeline Coverage,stalled_pipeline,"No field changes logged since 2026-04-24, still open",Rep should confirm deal status this week or reassign/close it out.,43,True
ANM-00485,Opportunity,006Y4UJZLBE5NFBB1E,Ironclad Data Systems Co. - Backup & DR,Nancy Scott,121.0,Multivariate ML,ml_multivariate_outlier,"Stage=Identification, GP=121, 0 stage changes, 18 days quiet","Review manually -- flagged by combination of signals, not a single rule.",43,False
ANM-00101,Opportunity,006A2X2PVXUU2ILSXS,Pinehurst Logistics Group - Managed Services Renewal,Kathleen Clark,3637.0,Pipeline Coverage,stalled_pipeline,"No field changes logged since 2026-06-02, still open",Rep should confirm deal status this week or reassign/close it out.,43,True
ANM-00151,Opportunity,006R2E9RJN4ZG9EJ0T,Cascade Consumer Goods Corp. - Security Assessment,Larry Edwards,614.0,Pipeline Coverage,stalled_pipeline,"No field changes logged since 2026-04-16, still open",Rep should confirm deal status this week or reassign/close it out.,43,True
ANM-00035,Opportunity,006RVOCXRLIRDVDHS0,Marion - Digital Workplace Upgrade,Paul Martinez,115.0,Sequence Integrity,stage_skip,Identification to Proposal -> Proposal to Deal Won,"Confirm the deal was actually qualified through the skipped stages; if not, review with the rep.",43,False
ANM-00401,Account,001VUK7R1M0I0BDMRZ,Northgate Solutions LLC,,2964.0,Concentration & Cross-Sell,whitespace_single_lob_account,Currently only Networking. Peers of similar size commonly also have: Security,Cross-sell opportunity -- consider pitching Security based on peer attach patterns.,43,True
ANM-00417,Account,001BAC2JQQ2MANK01D,Cascade Data Systems Group,,13151.0,Concentration & Cross-Sell,portfolio_mix_imbalance,Large account with Services revenue well below the NA-wide target mix,Cross-sell candidate for Technical Services/SDIS/Consulting attach.,43,False
ANM-00197,Opportunity,006IOJSHU5LTZCMWJO,Cobalt Holdings Co. - Security Assessment,Brian Thompson,3912.0,Pipeline Coverage,sales_cycle_outlier,"SDIS deal, closed at 234 days vs. ~90-day target",Review why this deal has taken materially longer than typical for its Portfolio.,43,False
ANM-00464,Opportunity,006EBFLAWE2UDOF9V3,Sonoma - SD-WAN Rollout,Cynthia Young,13321.0,Multivariate ML,ml_multivariate_outlier,"Stage=Identification, GP=13,321, 0 stage changes, 203 days quiet","Review manually -- flagged by combination of signals, not a single rule.",43,False
ANM-00018,Opportunity,006HCW38SVYOBINXKH,Millbrook Health Systems Group - Colocation Expansion,Robert Cook,1734.0,Sequence Integrity,stage_skip,Identification to Proposal,"Confirm the deal was actually qualified through the skipped stages; if not, review with the rep.",42,False
ANM-00091,Opportunity,00679H4W4WEU1ESXQ2,Everline Technologies Ltd. - Access Control Modernization,Paul Carter,2365.0,Pipeline Coverage,stalled_pipeline,"No field changes logged since 2026-05-12, still open",Rep should confirm deal status this week or reassign/close it out.,42,True
ANM-00331,Opportunity,006D7DQ9540RK6UO8N,Granite Systems Ltd. - Network Refresh,Mark Martinez,697.0,Deal Governance,flash_close,Product deal won unusually fast,Confirm the deal's qualification history is genuine.,42,False
ANM-00150,Opportunity,006R0757B10OLB44CU,Washington - Managed Services Renewal,Karen Garcia,9623.0,Pipeline Coverage,stalled_pipeline,"No field changes logged since 2026-06-26, still open",Rep should confirm deal status this week or reassign/close it out.,42,True
ANM-00326,Opportunity,00628UDPIZDQPNWTH2,Stonebridge Data Systems Inc. - Security Assessment,Scott Carter,679.0,Deal Governance,flash_close,Product deal won unusually fast,Confirm the deal's qualification history is genuine.,42,False
ANM-00222,Opportunity,00605B55NUS3K7TAKF,Beacon Logistics LLC - Backup & DR,Rebecca Scott,2162.0,Value Integrity,value_shrinkage,"Logged as high as 52,935, settled at 11,433",Review this rep's qualification accuracy for this Portfolio.,42,True
ANM-00185,Opportunity,0069E0LOJ2UFO277E4,Everline Health Systems LLC - Wireless Expansion,Susan Roberts,2411.0,Pipeline Coverage,sales_cycle_outlier,"Technical Services deal, still open at 238 days vs. ~90-day target",Review why this deal has taken materially longer than typical for its Portfolio.,41,False
ANM-00095,Opportunity,0067R6QRHWLR7TKY0V,Pinehurst Utilities Inc. - Network Refresh,Larry Edwards,660.0,Pipeline Coverage,stalled_pipeline,"No field changes logged since 2026-04-22, still open",Rep should confirm deal status this week or reassign/close it out.,41,True
ANM-00201,Opportunity,006O0XVSS9VVMRZ42X,Beacon Logistics LLC - Colocation Expansion,Melissa Adams,548.0,Pipeline Coverage,sales_cycle_outlier,"Product deal, still open at 245 days vs. ~90-day target",Review why this deal has taken materially longer than typical for its Portfolio.,41,False
ANM-00173,Opportunity,006ZMLH23JN382T90Y,Beacon Solutions Group - Data Center Migration,Nancy Lewis,10103.0,Pipeline Coverage,stalled_pipeline,"No field changes logged since 2026-06-27, still open",Rep should confirm deal status this week or reassign/close it out.,41,True
ANM-00336,Opportunity,006OT28VNQ5MQ14Q65,Brightpath Solutions Inc. - Security Assessment,Timothy Carter,569.0,Deal Governance,flash_close,Product deal won unusually fast,Confirm the deal's qualification history is genuine.,41,False
ANM-00119,Opportunity,006FP9XD7YQ1XJ2JIV,Ironclad Holdings Co. - Managed Services Renewal,Mark Martinez,63.0,Pipeline Coverage,stalled_pipeline,"No field changes logged since 2026-03-16, still open",Rep should confirm deal status this week or reassign/close it out.,41,True
ANM-00135,Opportunity,006JYHB0GHVJGLS490,Fieldstone Financial Group Co. - Security Assessment,Melissa Adams,4051.0,Pipeline Coverage,stalled_pipeline,"No field changes logged since 2026-06-10, still open",Rep should confirm deal status this week or reassign/close it out.,41,True
ANM-00274,Opportunity,006RMBF44K8EBMJC49,Monroe - Endpoint Protection,Deborah Hall,193.0,Value Integrity,deal_size_outlier,"Digital Workplace / VBR line, peer IQR fence exceeded",Confirm the entered amount before it feeds quarterly pipeline roll-ups.,41,False
ANM-00246,Opportunity,0065WRADTSS4DX0XIO,Everline Systems Ltd. - Network Refresh,Amanda Collins,4363.0,Value Integrity,value_inflation,"Logged initially at 16,281, now 26,798",Verify the scope increase is real (upsell) rather than an initial sizing error.,41,False
ANM-00126,Opportunity,006H3DRCKEQXX7EOSD,Beacon Retail Group Co. - Cisco IE3300,Angela Martinez,1632.0,Pipeline Coverage,stalled_pipeline,"No field changes logged since 2026-05-09, still open",Rep should confirm deal status this week or reassign/close it out.,41,True
ANM-00005,Opportunity,00624T56KPW4OJL2SJ,Cobalt Holdings Co. - Endpoint Protection,Cynthia Roberts,6504.0,Sequence Integrity,stage_skip,Qualification to Proposal Evaluation,"Confirm the deal was actually qualified through the skipped stages; if not, review with the rep.",41,False
ANM-00463,Opportunity,006E6JLAO99XYXZSH5,Novara Utilities Group - Cisco IE3300,Michelle McDermott,5356.0,Multivariate ML,ml_multivariate_outlier,"Stage=Requirements Definition, GP=5,356, 1 stage changes, 18 days quiet","Review manually -- flagged by combination of signals, not a single rule.",41,False
ANM-00159,Opportunity,006ULSK2I97HU34NTF,Brightpath Solutions Inc. - Data Center Migration,Melissa Edwards,2293.0,Pipeline Coverage,stalled_pipeline,"No field changes logged since 2026-05-15, still open",Rep should confirm deal status this week or reassign/close it out.,41,True
ANM-00158,Opportunity,006U19D0K0U5ASYNLL,Clearwater Financial Group Co. - Colocation Expansion,Frank Scott,174.0,Pipeline Coverage,stalled_pipeline,"No field changes logged since 2026-03-31, still open",Rep should confirm deal status this week or reassign/close it out.,41,True
ANM-00452,Opportunity,0065NV0FTUKKW1OF2G,Harborview Industries Inc. - Network Refresh,Kathleen Green,3466.0,Multivariate ML,ml_multivariate_outlier,"Stage=Qualification, GP=3,466, 0 stage changes, 94 days quiet","Review manually -- flagged by combination of signals, not a single rule.",40,False
ANM-00070,Opportunity,006UXYAZ2ZSARXUUST,Cobalt Holdings Co. - Data Center Migration,Brian Thompson,2622.0,Sequence Integrity,forecast_regression,Commit on 2026-08-30 -> Best Case on 2026-09-08,Treat this rep's current forecast for this deal with reduced confidence; ask for a re-qualification.,40,False
ANM-00071,Opportunity,006VA1LNPCRNIIB5K5,Kingston - Backup & DR,Michelle McDermott,2796.0,Sequence Integrity,forecast_regression,Commit on 2026-06-05 -> Best Case on 2026-08-09,Treat this rep's current forecast for this deal with reduced confidence; ask for a re-qualification.,40,False
ANM-00253,Opportunity,006BY2FMM150KWJW8X,Pinehurst Logistics Group - Cloud Connectivity,Larry Wright,127.0,Value Integrity,value_inflation,"Logged initially at 151, now 250",Verify the scope increase is real (upsell) rather than an initial sizing error.,40,False
ANM-00218,Segment,FY26-Q2 / Security / Consulting Services,FY26-Q2 / Security / Consulting Services,,455.0,Pipeline Coverage,coverage_hole,Active pipeline GP 0 vs. budget GP 455,Regional/segment lead should drive pipeline-generation activity for this LOB/Portfolio this quarter.,40,True
ANM-00217,Segment,FY26-Q1 / Digital Workplace / Consulting Services,FY26-Q1 / Digital Workplace / Consulting Services,,508.0,Pipeline Coverage,coverage_hole,Active pipeline GP 0 vs. budget GP 508,Regional/segment lead should drive pipeline-generation activity for this LOB/Portfolio this quarter.,40,True
ANM-00132,Opportunity,006J2XIR7HL6YIK4KZ,Cobalt Holdings Co. - Wireless Expansion,Mark Lewis,936.0,Pipeline Coverage,stalled_pipeline,"No field changes logged since 2026-04-30, still open",Rep should confirm deal status this week or reassign/close it out.,40,True
ANM-00047,Opportunity,006Z7VK43TEPPGOFYP,Brightpath Solutions Inc. - Endpoint Protection,Susan Roberts,1164.0,Sequence Integrity,stage_skip,Identification to Proposal,"Confirm the deal was actually qualified through the skipped stages; if not, review with the rep.",39,False
ANM-00040,Opportunity,006UYPVZFCLJK7YMVF,Cobalt Holdings Co. - Security Assessment,Brian Thompson,1264.0,Sequence Integrity,stage_skip,Identification to Proposal,"Confirm the deal was actually qualified through the skipped stages; if not, review with the rep.",39,False
ANM-00124,Opportunity,006GPCEHHR5PLUC0BM,Brightpath Manufacturing LLC - Colocation Expansion,Frank Scott,105.0,Pipeline Coverage,stalled_pipeline,"No field changes logged since 2026-03-25, still open",Rep should confirm deal status this week or reassign/close it out.,39,True
ANM-00230,Opportunity,006H9LT0S4DP3GN9WM,Summit Transport Co LLC - Colocation Expansion,Rebecca Robinson,2456.0,Value Integrity,value_shrinkage,"Logged as high as 55,584, settled at 12,135",Review this rep's qualification accuracy for this Portfolio.,39,True
ANM-00254,Opportunity,006DETQ6J0X08GAWEQ,Ironclad Media Group Ltd. - Network Refresh,Amanda Sanchez,3385.0,Value Integrity,value_inflation,"Logged initially at 11,759, now 19,379",Verify the scope increase is real (upsell) rather than an initial sizing error.,39,False
ANM-00302,Opportunity,006O4R1NV9V2YDFVMR,Jefferson - Access Control Modernization,Paul Martinez,277.0,Value Integrity,margin_outlier,"VBR line, peer IQR fence exceeded",Review pricing/discount or confirm cost basis was captured correctly.,39,False
ANM-00064,Opportunity,006KTH7630UABP1ET8,Ashford Media Group Corp. - Backup & DR,Christine Phillips,2584.0,Sequence Integrity,forecast_regression,Commit on 2026-09-02 -> Best Case on 2026-09-12,Treat this rep's current forecast for this deal with reduced confidence; ask for a re-qualification.,39,False
ANM-00445,Opportunity,0060HSJ18CCJEA9U1U,Harborview Media Group LLC - Colocation Expansion,Maria Martinez,820.0,Multivariate ML,ml_multivariate_outlier,"Stage=Requirements Definition, GP=820, 1 stage changes, 15 days quiet","Review manually -- flagged by combination of signals, not a single rule.",39,False
ANM-00114,Opportunity,006E8M06EY3ALEBKG6,Jefferson - Network Refresh,Amanda Sanchez,2592.0,Pipeline Coverage,stalled_pipeline,"No field changes logged since 2026-06-03, still open",Rep should confirm deal status this week or reassign/close it out.,38,True
ANM-00337,Opportunity,006Q8HMQYJHLLCOTQM,Redstone Transport Co Ltd. - Backup & DR,Frank Green,288.0,Deal Governance,flash_close,Product deal won unusually fast,Confirm the deal's qualification history is genuine.,38,False
ANM-00208,Opportunity,006WDR1QLR2NMRPHKE,Stonebridge Data Systems Inc. - Access Control Modernization,Janalynn Rodriguez,7564.0,Pipeline Coverage,sales_cycle_outlier,"SDIS deal, closed at 226 days vs. ~90-day target",Review why this deal has taken materially longer than typical for its Portfolio.,38,False
ANM-00477,Opportunity,006U19D0K0U5ASYNLL,Clearwater Financial Group Co. - Colocation Expansion,Frank Scott,174.0,Multivariate ML,ml_multivariate_outlier,"Stage=Identification, GP=174, 0 stage changes, 168 days quiet","Review manually -- flagged by combination of signals, not a single rule.",38,False
ANM-00162,Opportunity,006W2VU0L1AY2AZ1SV,Cobalt Holdings Co. - Access Control Modernization,Brian Thompson,5720.0,Pipeline Coverage,stalled_pipeline,"No field changes logged since 2026-06-24, still open",Rep should confirm deal status this week or reassign/close it out.,38,True
ANM-00223,Opportunity,0061QA9YVD283IGNAT,Granite Enterprises Corp. - Access Control Modernization,Angela Martinez,433.0,Value Integrity,value_shrinkage,"Logged as high as 8,360, settled at 1,749",Review this rep's qualification accuracy for this Portfolio.,38,True
ANM-00030,Opportunity,006MXYR5K55A1FR7HU,Monroe - Cisco IE3300,Deborah Hall,1120.0,Sequence Integrity,stage_skip,Identification to Proposal,"Confirm the deal was actually qualified through the skipped stages; if not, review with the rep.",38,False
ANM-00088,Opportunity,0065NV0FTUKKW1OF2G,Harborview Industries Inc. - Network Refresh,Kathleen Green,3466.0,Pipeline Coverage,stalled_pipeline,"No field changes logged since 2026-06-13, still open",Rep should confirm deal status this week or reassign/close it out.,37,True
ANM-00025,Opportunity,006KF5V9BZBDPNNCTM,Brightpath Solutions Inc. - Access Control Modernization,Karen Phillips,936.0,Sequence Integrity,stage_skip,Identification to Proposal,"Confirm the deal was actually qualified through the skipped stages; if not, review with the rep.",37,False
ANM-00171,Opportunity,006YFU52EFZMPRUQAD,Brightpath Solutions Inc. - Network Refresh,Karen Phillips,219.0,Pipeline Coverage,stalled_pipeline,"No field changes logged since 2026-04-21, still open",Rep should confirm deal status this week or reassign/close it out.,37,True
ANM-00471,Opportunity,006JYHB0GHVJGLS490,Fieldstone Financial Group Co. - Security Assessment,Melissa Adams,4051.0,Multivariate ML,ml_multivariate_outlier,"Stage=Proposal, GP=4,051, 1 stage changes, 97 days quiet","Review manually -- flagged by combination of signals, not a single rule.",37,False
ANM-00098,Opportunity,006986K5S0MJOGFP8B,Cobalt Holdings Co. - SD-WAN Rollout,Brian Thompson,1954.0,Pipeline Coverage,stalled_pipeline,"No field changes logged since 2026-05-22, still open",Rep should confirm deal status this week or reassign/close it out.,37,True
ANM-00167,Opportunity,006Y1GM01HL2MCRFV7,Cobalt Holdings Co. - Managed Services Renewal,Daniel King,843.0,Pipeline Coverage,stalled_pipeline,"No field changes logged since 2026-05-06, still open",Rep should confirm deal status this week or reassign/close it out.,36,True
ANM-00061,Opportunity,006HR78PDKWMZ9WWTG,Redstone Manufacturing Inc. - Managed Services Renewal,Amanda Sanchez,1615.0,Sequence Integrity,forecast_regression,Pipeline on 2026-06-16 -> Omitted on 2026-09-06,Treat this rep's current forecast for this deal with reduced confidence; ask for a re-qualification.,36,False
ANM-00048,Opportunity,00611GOMODCA8PI2RN,Redstone Manufacturing Inc. - Cisco IE3300,Angela Martinez,1642.0,Sequence Integrity,forecast_regression,Commit on 2026-07-21 -> Best Case on 2026-08-24,Treat this rep's current forecast for this deal with reduced confidence; ask for a re-qualification.,36,False
ANM-00200,Opportunity,006LGPLQ2LGDYHH2DX,Granite Enterprises Corp. - Endpoint Protection,Paul Carter,4500.0,Pipeline Coverage,sales_cycle_outlier,"Technical Services deal, closed at 228 days vs. ~90-day target",Review why this deal has taken materially longer than typical for its Portfolio.,36,False
ANM-00094,Opportunity,0067P4KV87XWBVPA8Q,Suffolk - SD-WAN Rollout,Rebecca Bell,785.0,Pipeline Coverage,stalled_pipeline,"No field changes logged since 2026-05-05, still open",Rep should confirm deal status this week or reassign/close it out.,36,True
ANM-00120,Opportunity,006G0ULENCTR72QTYK,Cobalt Holdings Co. - Access Control Modernization,Linda Evans,445.0,Pipeline Coverage,stalled_pipeline,"No field changes logged since 2026-05-01, still open",Rep should confirm deal status this week or reassign/close it out.,35,True
ANM-00282,Opportunity,006X6J29M5ANJBVTN5,Clearwater Financial Group Co. - Unified Communications,Frank Scott,155.0,Value Integrity,deal_size_outlier,"Security / VBR line, peer IQR fence exceeded",Confirm the entered amount before it feeds quarterly pipeline roll-ups.,35,False
ANM-00461,Opportunity,006DE23OT24P22264Q,Ashford Telecom Corp. - Security Assessment,Cynthia Turner,2427.0,Multivariate ML,ml_multivariate_outlier,"Stage=Qualification, GP=2,427, 2 stage changes, 1 days quiet","Review manually -- flagged by combination of signals, not a single rule.",35,False
ANM-00138,Opportunity,006LER4WLDJZYQMG9P,Monroe - Managed Services Renewal,Mark Campbell,6908.0,Pipeline Coverage,stalled_pipeline,"No field changes logged since 2026-06-29, still open",Rep should confirm deal status this week or reassign/close it out.,35,True
ANM-00037,Opportunity,006TNRPC1617PCJ4FT,Harborview Technologies Inc. - Network Refresh,Larry Edwards,651.0,Sequence Integrity,stage_skip,Identification to Proposal,"Confirm the deal was actually qualified through the skipped stages; if not, review with the rep.",35,False
ANM-00186,Opportunity,006A656X7COLRB3KEH,Cascade Retail Group Corp. - Cisco IE3300,Kathleen Lopez,1451.0,Pipeline Coverage,sales_cycle_outlier,"Product deal, still open at 236 days vs. ~90-day target",Review why this deal has taken materially longer than typical for its Portfolio.,35,False
ANM-00265,Opportunity,006ST87A0472C14SAG,Cascade Telecom Ltd. - Cisco IE3300,Brian Thompson,3183.0,Value Integrity,value_inflation,"Logged initially at 14,124, now 23,232",Verify the scope increase is real (upsell) rather than an initial sizing error.,34,False
ANM-00170,Opportunity,006YFFJ0COD41DJQQG,Beacon Networks Group - SD-WAN Rollout,Paul Carter,1784.0,Pipeline Coverage,stalled_pipeline,"No field changes logged since 2026-06-05, still open",Rep should confirm deal status this week or reassign/close it out.,34,True
ANM-00086,Opportunity,0065CHRM7BBJWM4DNX,Wexford Utilities LLC - Unified Communications,Nancy Scott,290.0,Pipeline Coverage,stalled_pipeline,"No field changes logged since 2026-05-01, still open",Rep should confirm deal status this week or reassign/close it out.,34,True
ANM-00113,Opportunity,006DSZH24T84Q57D9A,Cobalt Holdings Co. - Cloud Connectivity,Brian Thompson,79.0,Pipeline Coverage,stalled_pipeline,"No field changes logged since 2026-04-13, still open",Rep should confirm deal status this week or reassign/close it out.,34,True
ANM-00027,Opportunity,006M7TC46KIUMXNHIX,Westfall Financial Group Co. - Security Assessment,Karen Garcia,3525.0,Sequence Integrity,stage_skip,Qualification to Proposal Evaluation,"Confirm the deal was actually qualified through the skipped stages; if not, review with the rep.",34,False
ANM-00256,Opportunity,006FMQAGVJIKEWJX3R,Brightpath Solutions Inc. - Digital Workplace Upgrade,Amanda Morris,732.0,Value Integrity,value_inflation,"Logged initially at 2,219, now 3,668",Verify the scope increase is real (upsell) rather than an initial sizing error.,33,False
ANM-00278,Opportunity,006LE4T8YRXX9NNMDQ,Everline Technologies Ltd. - Backup & DR,Karen Phillips,161.0,Value Integrity,deal_size_outlier,"Digital Workplace / VBR line, peer IQR fence exceeded",Confirm the entered amount before it feeds quarterly pipeline roll-ups.,33,False
ANM-00187,Opportunity,006B3444FN1L26812V,Crestwood Manufacturing Ltd. - Access Control Modernization,Paul Martinez,3527.0,Pipeline Coverage,sales_cycle_outlier,"Technical Services deal, still open at 228 days vs. ~90-day target",Review why this deal has taken materially longer than typical for its Portfolio.,33,False
ANM-00017,Opportunity,006FCN45RLM7BCC5D7,Ironclad Energy Partners LLC - Firewall Upgrade,Jose McDermott,291.0,Sequence Integrity,stage_skip,Identification to Proposal,"Confirm the deal was actually qualified through the skipped stages; if not, review with the rep.",32,False
ANM-00036,Opportunity,006SEEGOAKZYYYC7KC,Pinehurst Utilities Group - Wireless Expansion,Timothy Green,349.0,Sequence Integrity,stage_skip,Identification to Proposal,"Confirm the deal was actually qualified through the skipped stages; if not, review with the rep.",32,False
ANM-00482,Opportunity,006WV208Z2UO6NWKRN,Summit Utilities Corp. - Colocation Expansion,Jose McDermott,98.0,Multivariate ML,ml_multivariate_outlier,"Stage=Identification, GP=98, 0 stage changes, 119 days quiet","Review manually -- flagged by combination of signals, not a single rule.",32,False
ANM-00007,Opportunity,0063RURVJ0NSGAUE68,Monroe - Data Center Migration,Deborah Hall,3187.0,Sequence Integrity,stage_skip,Qualification to Proposal Evaluation,"Confirm the deal was actually qualified through the skipped stages; if not, review with the rep.",32,False
ANM-00335,Opportunity,006NG6DUQTOAWIEOK0,Granite Transport Co Co. - Cloud Connectivity,Jose McDermott,77.0,Deal Governance,flash_close,VBR deal won unusually fast,Confirm the deal's qualification history is genuine.,32,False
ANM-00177,Opportunity,0061EUETNVF9A4M3V3,Harborview Media Group Group - Unified Communications,Paul Martinez,2836.0,Pipeline Coverage,sales_cycle_outlier,"SDIS deal, closed at 229 days vs. ~90-day target",Review why this deal has taken materially longer than typical for its Portfolio.,32,False
ANM-00111,Opportunity,006D76ORNTGXS6L1FD,Ironclad Data Systems Co. - Colocation Expansion,Timothy Green,2628.0,Pipeline Coverage,stalled_pipeline,"No field changes logged since 2026-06-19, still open",Rep should confirm deal status this week or reassign/close it out.,32,True
ANM-00292,Opportunity,0062Z31SI8GNKPI3P5,Cascade Consumer Goods Corp. - Managed Services Renewal,Christine Phillips,175.0,Value Integrity,deal_size_outlier,"Security / VBR line, peer IQR fence exceeded",Confirm the entered amount before it feeds quarterly pipeline roll-ups.,32,False
ANM-00225,Opportunity,006B3444FN1L26812V,Crestwood Manufacturing Ltd. - Access Control Modernization,Paul Martinez,3527.0,Value Integrity,value_shrinkage,"Logged as high as 72,872, settled at 16,475",Review this rep's qualification accuracy for this Portfolio.,32,True
ANM-00467,Opportunity,006GL6FJJ3FNOCEND9,Everline Technologies Ltd. - Security Assessment,Melissa Adams,828.0,Multivariate ML,ml_multivariate_outlier,"Stage=Qualification, GP=828, 0 stage changes, 195 days quiet","Review manually -- flagged by combination of signals, not a single rule.",32,False
ANM-00262,Opportunity,006MSVF9AQSDUVTN7G,Cobalt Holdings Co. - Wireless Expansion,Brian Thompson,391.0,Value Integrity,value_inflation,"Logged initially at 498, now 824",Verify the scope increase is real (upsell) rather than an initial sizing error.,32,False
ANM-00057,Opportunity,006ENFW4VL3MAXZHNA,Cobalt Holdings Co. - SD-WAN Rollout,Brian Thompson,964.0,Sequence Integrity,forecast_regression,Pipeline on 2026-04-26 -> Omitted on 2026-08-31,Treat this rep's current forecast for this deal with reduced confidence; ask for a re-qualification.,32,False
ANM-00059,Opportunity,006FIRW409IOJ6WSUL,Monroe - Digital Workplace Upgrade,Deborah Hall,997.0,Sequence Integrity,forecast_regression,Pipeline on 2026-03-07 -> Omitted on 2026-08-31,Treat this rep's current forecast for this deal with reduced confidence; ask for a re-qualification.,32,False
ANM-00139,Opportunity,006LYCUFLYP5D8ZPAB,Cobalt Holdings Co. - Security Assessment,Kathleen Clark,3243.0,Pipeline Coverage,stalled_pipeline,"No field changes logged since 2026-06-25, still open",Rep should confirm deal status this week or reassign/close it out.,31,True
ANM-00199,Opportunity,006L5GQ8W3Y0NQBJCL,Everline Technologies Ltd. - Cloud Connectivity,Timothy Turner,1930.0,Pipeline Coverage,sales_cycle_outlier,"Product deal, still open at 230 days vs. ~90-day target",Review why this deal has taken materially longer than typical for its Portfolio.,31,False
ANM-00039,Opportunity,006U0WD9ZB15U3588G,Westfall Financial Group Co. - Network Refresh,Steven Cook,269.0,Sequence Integrity,stage_skip,Identification to Proposal,"Confirm the deal was actually qualified through the skipped stages; if not, review with the rep.",31,False
ANM-00006,Opportunity,0062LDHX38IVQZYCFV,Westfall Financial Group Co. - Cloud Connectivity,Steven Cook,2810.0,Sequence Integrity,stage_skip,Qualification to Proposal Evaluation,"Confirm the deal was actually qualified through the skipped stages; if not, review with the rep.",31,False
ANM-00123,Opportunity,006GOII8Z8WXZX3LDR,Sonoma - Network Refresh,Robert Cook,1949.0,Pipeline Coverage,stalled_pipeline,"No field changes logged since 2026-06-17, still open",Rep should confirm deal status this week or reassign/close it out.,30,True
ANM-00318,Opportunity,0066MIHZQ34THE8LAO,Stonebridge Data Systems Inc. - Backup & DR,Scott Carter,-13.0,Value Integrity,margin_outlier,"VBR line, peer IQR fence exceeded",Review pricing/discount or confirm cost basis was captured correctly.,30,False
ANM-00323,Opportunity,006BZAWLT7FBUZKFZY,Oakridge Consumer Goods Corp. - Access Control Modernization,Karen Garcia,-99.0,Value Integrity,won_loss_making_deal,Deal closed Won with zero or negative gross profit,Finance/deal-desk review -- confirm pricing approval and whether this should have been booked as-is.,28,True
ANM-00290,Opportunity,006TPW5TZUXYBEB16M,Stonebridge Data Systems Inc. - Security Assessment,Justin Ragsdale,167.0,Value Integrity,deal_size_outlier,"Security / VBR line, peer IQR fence exceeded",Confirm the entered amount before it feeds quarterly pipeline roll-ups.,28,False
ANM-00065,Opportunity,006KZX35VMSV8GCQP6,Clearwater Financial Group Co. - Data Center Migration,Daniel Collins,495.0,Sequence Integrity,forecast_regression,Commit on 2026-07-13 -> Best Case on 2026-08-01,Treat this rep's current forecast for this deal with reduced confidence; ask for a re-qualification.,28,False
ANM-00118,Opportunity,006FG27B2M8AGZ2CFM,Cobalt Holdings Co. - Endpoint Protection,Brian Thompson,3130.0,Pipeline Coverage,stalled_pipeline,"No field changes logged since 2026-06-27, still open",Rep should confirm deal status this week or reassign/close it out.,28,True
ANM-00104,Opportunity,006B7S6DG6ITV8M10Z,Meridian Systems Ltd. - Cloud Connectivity,Amanda Collins,3006.0,Pipeline Coverage,stalled_pipeline,"No field changes logged since 2026-06-26, still open",Rep should confirm deal status this week or reassign/close it out.,28,True
ANM-00453,Opportunity,0067FU46TR26AJK4AE,Everline Systems Ltd. - Network Refresh,Amanda Collins,232.0,Multivariate ML,ml_multivariate_outlier,"Stage=Identification, GP=232, 0 stage changes, 211 days quiet","Review manually -- flagged by combination of signals, not a single rule.",28,False
ANM-00321,Opportunity,006OR77ZDFQTWJ24H2,Meridian Telecom Corp. - Digital Workplace Upgrade,Cynthia Turner,-2632.0,Value Integrity,margin_outlier,"Product line, peer IQR fence exceeded",Review pricing/discount or confirm cost basis was captured correctly.,27,False
ANM-00481,Opportunity,006WRLNFZ2QBCY75OR,Ironclad Logistics Corp. - Colocation Expansion,Scott Stewart,1149.0,Multivariate ML,ml_multivariate_outlier,"Stage=Requirements Definition, GP=1,149, 1 stage changes, 178 days quiet","Review manually -- flagged by combination of signals, not a single rule.",27,False
ANM-00270,Opportunity,006Y8V2YMSJIVX9IKF,Summit Solutions LLC - Access Control Modernization,Brandon Wright,164.0,Value Integrity,deal_size_outlier,"Digital Workplace / VBR line, peer IQR fence exceeded",Confirm the entered amount before it feeds quarterly pipeline roll-ups.,26,False
ANM-00260,Opportunity,006LKFZBRKXMR3FPU0,Brightpath Solutions Inc. - Colocation Expansion,Karen Phillips,2660.0,Value Integrity,value_inflation,"Logged initially at 12,154, now 19,503",Verify the scope increase is real (upsell) rather than an initial sizing error.,26,False
ANM-00109,Opportunity,006CN3XJUA8TSMHLQP,Alpine Holdings Co. - Security Assessment,Timothy Green,153.0,Pipeline Coverage,stalled_pipeline,"No field changes logged since 2026-05-13, still open",Rep should confirm deal status this week or reassign/close it out.,26,True
ANM-00011,Opportunity,006A9AFD9LP1BCGY9W,Sonoma - Data Center Migration,Cynthia Young,1508.0,Sequence Integrity,stage_skip,Qualification to Proposal Evaluation,"Confirm the deal was actually qualified through the skipped stages; if not, review with the rep.",26,False
ANM-00149,Opportunity,006QOUMAZE2A7J6AQP,Cobalt Holdings Co. - SD-WAN Rollout,Brian Thompson,711.0,Pipeline Coverage,stalled_pipeline,"No field changes logged since 2026-06-06, still open",Rep should confirm deal status this week or reassign/close it out.,26,True
ANM-00178,Opportunity,006274NXVOX7A6N3D6,Cobalt Holdings Co. - Security Assessment,Christine Phillips,1278.0,Pipeline Coverage,sales_cycle_outlier,"VBR deal, still open at 229 days vs. ~90-day target",Review why this deal has taken materially longer than typical for its Portfolio.,26,False
ANM-00022,Opportunity,006JL9HULOZ2RWBI0X,Novara Enterprises Inc. - Network Refresh,Frank Green,110.0,Sequence Integrity,stage_skip,Identification to Proposal,"Confirm the deal was actually qualified through the skipped stages; if not, review with the rep.",26,False
ANM-00478,Opportunity,006VYOL36625SLCLPD,Sonoma - Data Center Migration,Angela Martinez,105.0,Multivariate ML,ml_multivariate_outlier,"Stage=Identification, GP=105, 0 stage changes, 35 days quiet","Review manually -- flagged by combination of signals, not a single rule.",25,False
ANM-00072,Opportunity,006XZ9IPRFXB6DDG65,Granite Transport Co Inc. - Digital Workplace Upgrade,Maria Martinez,246.0,Sequence Integrity,forecast_regression,Commit on 2026-07-14 -> Best Case on 2026-09-03,Treat this rep's current forecast for this deal with reduced confidence; ask for a re-qualification.,25,False
ANM-00308,Opportunity,006F2CXQT2HAH2V74F,Cobalt Holdings Co. - Firewall Upgrade,Brian Thompson,-3638.0,Value Integrity,margin_outlier,"Technical Services line, peer IQR fence exceeded",Review pricing/discount or confirm cost basis was captured correctly.,25,False
ANM-00125,Opportunity,006GWI22ON9AJY5QZH,Silverline Solutions Ltd. - Digital Workplace Upgrade,Deborah Anderson,597.0,Pipeline Coverage,stalled_pipeline,"No field changes logged since 2026-06-06, still open",Rep should confirm deal status this week or reassign/close it out.,25,True
ANM-00209,Opportunity,006XVI7C000VKQP50R,Clark - Endpoint Protection,Deborah Hall,-2980.0,Pipeline Coverage,sales_cycle_outlier,"Product deal, still open at 242 days vs. ~90-day target",Review why this deal has taken materially longer than typical for its Portfolio.,25,False
ANM-00297,Opportunity,00628M70WZ2ZYNPV4X,Alpine Technologies Corp. - Security Assessment,Gary Stewart,-2410.0,Value Integrity,margin_outlier,"Product line, peer IQR fence exceeded",Review pricing/discount or confirm cost basis was captured correctly.,24,False
ANM-00269,Opportunity,00620ZFY21UDF053PV,Kingston - Firewall Upgrade,Daniel Collins,158.0,Value Integrity,deal_size_outlier,"Security / VBR line, peer IQR fence exceeded",Confirm the entered amount before it feeds quarterly pipeline roll-ups.,24,False
ANM-00110,Opportunity,006CQVBPPC5IEERZJ1,Kingsley Solutions Inc. - SD-WAN Rollout,Scott Carter,1507.0,Pipeline Coverage,stalled_pipeline,"No field changes logged since 2026-06-24, still open",Rep should confirm deal status this week or reassign/close it out.,24,True
ANM-00258,Opportunity,006H55K4CMAS6WSHVL,Stonebridge Data Systems Inc. - Unified Communications,Scott Carter,1589.0,Value Integrity,value_inflation,"Logged initially at 3,698, now 5,981",Verify the scope increase is real (upsell) rather than an initial sizing error.,24,False
ANM-00266,Opportunity,006ZO2O60RRWYZBJPT,Beacon Retail Group Co. - Cisco IE3300,Angela Martinez,1180.0,Value Integrity,value_inflation,"Logged initially at 4,933, now 8,025",Verify the scope increase is real (upsell) rather than an initial sizing error.,24,False
ANM-00078,Opportunity,0062BC1Z6ZVE1ID0VF,Riverbend Insurance Group LLC - Cloud Connectivity,Cynthia Clark,969.0,Pipeline Coverage,stalled_pipeline,"No field changes logged since 2026-06-19, still open",Rep should confirm deal status this week or reassign/close it out.,24,True
ANM-00483,Opportunity,006XVI7C000VKQP50R,Clark - Endpoint Protection,Deborah Hall,-2980.0,Multivariate ML,ml_multivariate_outlier,"Stage=Proposal, GP=-2,980, 3 stage changes, 8 days quiet","Review manually -- flagged by combination of signals, not a single rule.",24,False
ANM-00146,Opportunity,006OIAFV3V9W5JL3XR,Westfall Financial Group Co. - Data Center Migration,Steven Cook,89.0,Pipeline Coverage,stalled_pipeline,"No field changes logged since 2026-05-10, still open",Rep should confirm deal status this week or reassign/close it out.,24,True
ANM-00085,Opportunity,0064DV0SDEV5VD2QCN,Clark - SD-WAN Rollout,Amanda Morris,1142.0,Pipeline Coverage,stalled_pipeline,"No field changes logged since 2026-06-21, still open",Rep should confirm deal status this week or reassign/close it out.,23,True
ANM-00054,Opportunity,006CN3XJUA8TSMHLQP,Alpine Holdings Co. - Security Assessment,Timothy Green,153.0,Sequence Integrity,forecast_regression,Commit on 2026-05-11 -> Best Case on 2026-05-13,Treat this rep's current forecast for this deal with reduced confidence; ask for a re-qualification.,23,False
ANM-00130,Opportunity,006HWHETGG2TTFFONQ,Fairfax - Firewall Upgrade,Mark Campbell,686.0,Pipeline Coverage,stalled_pipeline,"No field changes logged since 2026-06-17, still open",Rep should confirm deal status this week or reassign/close it out.,23,True
ANM-00121,Opportunity,006GAMU0LRG0G4GXL9,Beacon Logistics LLC - Data Center Migration,Melissa Adams,330.0,Pipeline Coverage,stalled_pipeline,"No field changes logged since 2026-06-06, still open",Rep should confirm deal status this week or reassign/close it out.,23,True
ANM-00090,Opportunity,00671V7ATJK22RSV5A,Millbrook Telecom Co. - Managed Services Renewal,Kathleen Clark,355.0,Pipeline Coverage,stalled_pipeline,"No field changes logged since 2026-06-12, still open",Rep should confirm deal status this week or reassign/close it out.,22,True
ANM-00164,Opportunity,006WHTY672U5D9HO6Z,Cobalt Holdings Co. - Unified Communications,Amanda Morris,130.0,Pipeline Coverage,stalled_pipeline,"No field changes logged since 2026-05-21, still open",Rep should confirm deal status this week or reassign/close it out.,22,True
ANM-00131,Opportunity,006IUKLYXA5VJERZAK,Cobalt Holdings Co. - Access Control Modernization,Linda Evans,1753.0,Pipeline Coverage,stalled_pipeline,"No field changes logged since 2026-06-28, still open",Rep should confirm deal status this week or reassign/close it out.,22,True
ANM-00311,Opportunity,0060K6QK0TEAEFIMI6,Brightpath Solutions Inc. - Access Control Modernization,Timothy Roberts,-5362.0,Value Integrity,margin_outlier,"Product line, peer IQR fence exceeded",Review pricing/discount or confirm cost basis was captured correctly.,22,False
ANM-00023,Opportunity,006JM8YZBAM5A13KEF,Stonebridge Financial Group Ltd. - Cisco IE3300,Linda Carter,829.0,Sequence Integrity,stage_skip,Qualification to Proposal Evaluation,"Confirm the deal was actually qualified through the skipped stages; if not, review with the rep.",21,False
ANM-00020,Opportunity,006HTTBQ6F3QSXZWDK,Riverside - Backup & DR,Nancy Scott,905.0,Sequence Integrity,stage_skip,Qualification to Proposal Evaluation,"Confirm the deal was actually qualified through the skipped stages; if not, review with the rep.",21,False
ANM-00166,Opportunity,006WV208Z2UO6NWKRN,Summit Utilities Corp. - Colocation Expansion,Jose McDermott,98.0,Pipeline Coverage,stalled_pipeline,"No field changes logged since 2026-05-19, still open",Rep should confirm deal status this week or reassign/close it out.,21,True
ANM-00300,Opportunity,0062MGNCVSJWFARF4K,Ironclad Media Group Ltd. - Security Assessment,Amanda Sanchez,-522.0,Value Integrity,margin_outlier,"Product line, peer IQR fence exceeded",Review pricing/discount or confirm cost basis was captured correctly.,21,False
ANM-00281,Opportunity,006THSEEMJFBUA2CXF,Brightpath Solutions Inc. - Unified Communications,Karen Phillips,144.0,Value Integrity,deal_size_outlier,"Digital Workplace / VBR line, peer IQR fence exceeded",Confirm the entered amount before it feeds quarterly pipeline roll-ups.,21,False
ANM-00263,Opportunity,006PB6W94IDXIY88JR,Brightpath Solutions Inc. - Managed Services Renewal,Karen Phillips,122.0,Value Integrity,value_inflation,"Logged initially at 462, now 762",Verify the scope increase is real (upsell) rather than an initial sizing error.,21,False
ANM-00013,Opportunity,006B4BY9OL7Q7LGUNZ,Cobalt Holdings Co. - Wireless Expansion,Angela Martinez,759.0,Sequence Integrity,stage_skip,Qualification to Proposal Evaluation,"Confirm the deal was actually qualified through the skipped stages; if not, review with the rep.",21,False
ANM-00206,Opportunity,006VGAYWH0GSUEZSP0,Northgate Data Systems LLC - Colocation Expansion,Cynthia Young,1499.0,Pipeline Coverage,sales_cycle_outlier,"Product deal, still open at 226 days vs. ~90-day target",Review why this deal has taken materially longer than typical for its Portfolio.,21,False
ANM-00056,Opportunity,006DEPMYPODMUZGVUK,Kingsley Transport Co Corp. - SD-WAN Rollout,Scott Carter,114.0,Sequence Integrity,forecast_regression,Commit on 2026-08-28 -> Best Case on 2026-09-10,Treat this rep's current forecast for this deal with reduced confidence; ask for a re-qualification.,21,False
ANM-00242,Opportunity,006Z24WMY8LR5VFMJR,Kingsley Technologies Ltd. - Access Control Modernization,Rebecca Scott,427.0,Value Integrity,value_shrinkage,"Logged as high as 11,588, settled at 2,565",Review this rep's qualification accuracy for this Portfolio.,20,True
ANM-00312,Opportunity,006BZAWLT7FBUZKFZY,Oakridge Consumer Goods Corp. - Access Control Modernization,Karen Garcia,-99.0,Value Integrity,margin_outlier,"Product line, peer IQR fence exceeded",Review pricing/discount or confirm cost basis was captured correctly.,20,False
ANM-00188,Opportunity,006CN3XJUA8TSMHLQP,Alpine Holdings Co. - Security Assessment,Timothy Green,153.0,Pipeline Coverage,sales_cycle_outlier,"VBR deal, still open at 233 days vs. ~90-day target",Review why this deal has taken materially longer than typical for its Portfolio.,19,False
ANM-00155,Opportunity,006SM0KXJ9XUP1P2F3,Novara Enterprises Inc. - Access Control Modernization,Steven Green,1230.0,Pipeline Coverage,stalled_pipeline,"No field changes logged since 2026-06-28, still open",Rep should confirm deal status this week or reassign/close it out.,19,True
ANM-00484,Opportunity,006XY0WXXZ7HSGG8RZ,Oakridge Consumer Goods Corp. - Endpoint Protection,David Evans,231.0,Multivariate ML,ml_multivariate_outlier,"Stage=Deal Won, GP=231, 1 stage changes, 205 days quiet","Review manually -- flagged by combination of signals, not a single rule.",19,False
ANM-00455,Opportunity,0067R6QRHWLR7TKY0V,Pinehurst Utilities Inc. - Network Refresh,Larry Edwards,660.0,Multivariate ML,ml_multivariate_outlier,"Stage=Identification, GP=660, 0 stage changes, 146 days quiet","Review manually -- flagged by combination of signals, not a single rule.",19,False
ANM-00288,Opportunity,0061JM8ZE2EOPNRFXY,Stonebridge Data Systems Inc. - Cloud Connectivity,Scott Carter,145.0,Value Integrity,deal_size_outlier,"Digital Workplace / VBR line, peer IQR fence exceeded",Confirm the entered amount before it feeds quarterly pipeline roll-ups.,19,False
ANM-00229,Opportunity,006FGSZZM5WLQKEAQA,Douglas - Access Control Modernization,Paul Martinez,418.0,Value Integrity,value_shrinkage,"Logged as high as 7,818, settled at 1,751",Review this rep's qualification accuracy for this Portfolio.,18,True
ANM-00105,Opportunity,006B7XXKJ2PDRSUT4I,Beacon Logistics LLC - Managed Services Renewal,Melissa Adams,191.0,Pipeline Coverage,stalled_pipeline,"No field changes logged since 2026-06-18, still open",Rep should confirm deal status this week or reassign/close it out.,17,True
ANM-00319,Opportunity,006XVI7C000VKQP50R,Clark - Endpoint Protection,Deborah Hall,-2980.0,Value Integrity,margin_outlier,"Product line, peer IQR fence exceeded",Review pricing/discount or confirm cost basis was captured correctly.,17,False
ANM-00293,Opportunity,006A3DH70XEJHXSM02,Stonebridge Data Systems Inc. - Colocation Expansion,Scott Carter,144.0,Value Integrity,deal_size_outlier,"Digital Workplace / VBR line, peer IQR fence exceeded",Confirm the entered amount before it feeds quarterly pipeline roll-ups.,17,False
ANM-00231,Opportunity,006HC3ZWVCO5KC4BY4,Bluepeak Insurance Group LLC - Digital Workplace Upgrade,Susan Roberts,81.0,Value Integrity,value_shrinkage,"Logged as high as 3,008, settled at 661",Review this rep's qualification accuracy for this Portfolio.,17,True
ANM-00272,Opportunity,006A3DH70XEJHXSM02,Stonebridge Data Systems Inc. - Colocation Expansion,Scott Carter,144.0,Value Integrity,deal_size_outlier,"Digital Workplace / VBR line, peer IQR fence exceeded",Confirm the entered amount before it feeds quarterly pipeline roll-ups.,17,False
ANM-00235,Opportunity,006N6DZVXYB2LXKOZ7,Ironclad Transport Co LLC - Managed Services Renewal,Linda Green,111.0,Value Integrity,value_shrinkage,"Logged as high as 1,133, settled at 250",Review this rep's qualification accuracy for this Portfolio.,16,True
ANM-00014,Opportunity,006DE5CZZHINXB3MR6,Harborview Industries Group - Cisco IE3300,Jennifer Reed,266.0,Sequence Integrity,stage_skip,Qualification to Proposal Evaluation,"Confirm the deal was actually qualified through the skipped stages; if not, review with the rep.",16,False
ANM-00313,Opportunity,0069CIZDDECXJ7DQXM,Westfall Financial Group Co. - Endpoint Protection,Rebecca Robinson,-210.0,Value Integrity,margin_outlier,"Product line, peer IQR fence exceeded",Review pricing/discount or confirm cost basis was captured correctly.,16,False
ANM-00448,Opportunity,0060W3Q6QG6PAXL3F0,Redstone Manufacturing Inc. - Managed Services Renewal,Linda Phillips,426.0,Multivariate ML,ml_multivariate_outlier,"Stage=Qualification, GP=426, 2 stage changes, 9 days quiet","Review manually -- flagged by combination of signals, not a single rule.",16,False
ANM-00332,Opportunity,006G0QXXX1XSVW3RKJ,Ironclad Data Systems Co. - Firewall Upgrade,Timothy Green,429.0,Deal Governance,flash_close,Product deal won unusually fast,Confirm the deal's qualification history is genuine.,15,False
ANM-00310,Opportunity,006ZNY7DY7HPU1Y9U5,Cobalt Holdings Co. - Endpoint Protection,Brian Thompson,-835.0,Value Integrity,margin_outlier,"Product line, peer IQR fence exceeded",Review pricing/discount or confirm cost basis was captured correctly.,14,False
ANM-00449,Opportunity,0061TOO9M4BXYYPYQV,Cobalt Holdings Co. - Digital Workplace Upgrade,Brian Thompson,528.0,Multivariate ML,ml_multivariate_outlier,"Stage=Qualification, GP=528, 2 stage changes, 9 days quiet","Review manually -- flagged by combination of signals, not a single rule.",13,False
ANM-00024,Opportunity,006K9KQC0I4EEQDLYS,Brightpath Solutions Inc. - Managed Services Renewal,David Stewart,144.0,Sequence Integrity,stage_skip,Qualification to Proposal Evaluation,"Confirm the deal was actually qualified through the skipped stages; if not, review with the rep.",13,False
ANM-00309,Opportunity,006S76NFI7ADCG2C8O,Ironclad Data Systems Co. - Backup & DR,Timothy Green,-442.0,Value Integrity,margin_outlier,"Product line, peer IQR fence exceeded",Review pricing/discount or confirm cost basis was captured correctly.,13,False
ANM-00284,Opportunity,006KU6U0Z9MH6QGX41,Fairfax - Network Refresh,Nancy Scott,137.0,Value Integrity,deal_size_outlier,"Security / VBR line, peer IQR fence exceeded",Confirm the entered amount before it feeds quarterly pipeline roll-ups.,12,False
ANM-00314,Opportunity,006WGJQ9YW2FCVVJWF,Westfall Financial Group Co. - Firewall Upgrade,Linda Phillips,-1255.0,Value Integrity,margin_outlier,"Product line, peer IQR fence exceeded",Review pricing/discount or confirm cost basis was captured correctly.,10,False
ANM-00277,Opportunity,006GJ835YYCFERVE1T,Granite Systems Ltd. - Managed Services Renewal,Mark Martinez,114.0,Value Integrity,deal_size_outlier,"Digital Workplace / VBR line, peer IQR fence exceeded",Confirm the entered amount before it feeds quarterly pipeline roll-ups.,9,False
ANM-00307,Opportunity,006851VNQTR5FCQH34,Sonoma - Access Control Modernization,Nancy Scott,-188.0,Value Integrity,margin_outlier,"Product line, peer IQR fence exceeded",Review pricing/discount or confirm cost basis was captured correctly.,9,False
ANM-00462,Opportunity,006DEPMYPODMUZGVUK,Kingsley Transport Co Corp. - SD-WAN Rollout,Scott Carter,114.0,Multivariate ML,ml_multivariate_outlier,"Stage=Proposal, GP=114, 3 stage changes, 5 days quiet","Review manually -- flagged by combination of signals, not a single rule.",9,False
ANM-00276,Opportunity,006HHP0YAGV2BMEROG,Beacon Logistics LLC - Access Control Modernization,Melissa Adams,137.0,Value Integrity,deal_size_outlier,"Security / VBR line, peer IQR fence exceeded",Confirm the entered amount before it feeds quarterly pipeline roll-ups.,8,False
ANM-00298,Opportunity,006TH8R4D4ZI206H51,Brightpath Solutions Inc. - Wireless Expansion,Susan Roberts,-1198.0,Value Integrity,margin_outlier,"Technical Services line, peer IQR fence exceeded",Review pricing/discount or confirm cost basis was captured correctly.,7,False
ANM-00239,Opportunity,006RVOCXRLIRDVDHS0,Marion - Digital Workplace Upgrade,Paul Martinez,115.0,Value Integrity,value_shrinkage,"Logged as high as 1,064, settled at 250",Review this rep's qualification accuracy for this Portfolio.,7,True
ANM-00316,Opportunity,006SWSXRW9MMYDKFQE,Stonebridge Data Systems Inc. - SD-WAN Rollout,Scott Carter,-318.0,Value Integrity,margin_outlier,"Product line, peer IQR fence exceeded",Review pricing/discount or confirm cost basis was captured correctly.,6,False
ANM-00315,Opportunity,006B085BRA2C1AD7GR,Kingsley Technologies Ltd. - Access Control Modernization,Rebecca Bell,-858.0,Value Integrity,margin_outlier,"Product line, peer IQR fence exceeded",Review pricing/discount or confirm cost basis was captured correctly.,4,False
